"id","name","retailer","category","price","purchaseUrl","asin"
"09QOiR7lChQWvQxUCxOm","Minimal Pillow Set","Amazon","cozy-bedroom","57.51","https://www.amazon.ca/dp/B07XXRKMCW/ref=nosim?tag=YOURREALTAG-20","B07XXRKMCW"
"0V34Qtn11GVDMXKHruws","Woven Storage Basket","Amazon","storage","35.99","https://www.amazon.ca/dp/B0BYD6NMXG/ref=nosim?tag=YOURREALTAG-20","B0BYD6NMXG"
"0ViJxN1ldrp1NcAYhXSL","Minimal Wool Rug","Amazon","storage","59.99","https://www.amazon.ca/dp/B0FH2XQMK9/ref=nosim?tag=YOURREALTAG-20","B0FH2XQMK9"
"0gODIckhMRY7QwHGJ7Bh","Classic Shelf Unit","Amazon","storage","92.99","https://www.amazon.ca/dp/B0932PSJ1K/ref=nosim?tag=YOURREALTAG-20","B0932PSJ1K"
"0jNp8d45kKVNFlK6ZNiZ","Classic Round Mirror","Amazon","mirrors","69.99","https://www.amazon.ca/dp/B0CL8R9KG5/ref=nosim?tag=YOURREALTAG-20","B0CL8R9KG5"
"0p113dqwz2AktGL1LKwO","Minimal Planter","Amazon","plants","39.99","https://www.amazon.ca/dp/B0B3RNR33Y/ref=nosim?tag=YOURREALTAG-20","B0B3RNR33Y"
"0xXjOhR9WVTIUuwGxESD","Modern Dining Chair","Amazon","storage","145.99","https://www.amazon.ca/dp/B0DJR71CRZ/ref=nosim?tag=YOURREALTAG-20","B0DJR71CRZ"
"19zvo8iKYKlbGqstz0wh","Modern Serving Tray","Amazon","storage","23.99","https://www.amazon.ca/dp/B0CYT1MZ2X/ref=nosim?tag=YOURREALTAG-20","B0CYT1MZ2X"
"1HEqAQv87FgwaZC2i7iA","Modern Kitchen Decor","Amazon","lighting","39.98","https://www.amazon.ca/dp/B0DP2FW3GX/ref=nosim?tag=YOURREALTAG-20","B0DP2FW3GX"
"1KsituU0cCR7EWQIsekR","Modern Dining Chair","Amazon","storage","199.99","https://www.amazon.ca/dp/B0FQ5BB15D/ref=nosim?tag=YOURREALTAG-20","B0FQ5BB15D"
"1Ugc7BgT2nM8O83ADMiR","Cozy Bench","Amazon","storage","155.99","https://www.amazon.ca/dp/B084SN2GD7/ref=nosim?tag=YOURREALTAG-20","B084SN2GD7"
"1XUoQVMrPBrQkhbqgm3u","Bold Table Lamp","Amazon","lighting","64.99","https://www.amazon.ca/dp/B0DHL46YF2/ref=nosim?tag=YOURREALTAG-20","B0DHL46YF2"
"25rsjAVfziaNsnTEJiWl","Minimal Round Mirror","Amazon","mirrors","62.99","https://www.amazon.ca/dp/B0DGXDWNG4/ref=nosim?tag=YOURREALTAG-20","B0DGXDWNG4"
"2bllusfsCmNnvXQuBd2U","Minimal Runner Rug","Amazon","storage","103.99","https://www.amazon.ca/dp/B0D9P5N6BJ/ref=nosim?tag=YOURREALTAG-20","B0D9P5N6BJ"
"2gXrsxN5L1f6r2nWma5T","Soft Serving Tray","Amazon","storage","31.99","https://www.amazon.ca/dp/B0D63B75M9/ref=nosim?tag=YOURREALTAG-20","B0D63B75M9"
"2l2YxTiWCalduZnXhryV","Modern Stool","Amazon","storage","173.99","https://www.amazon.ca/dp/B08RYRYTLB/ref=nosim?tag=YOURREALTAG-20","B08RYRYTLB"
"2rt88QgqOQfvU8FfH5tr","Modern Area Rug","Amazon","storage","94.99","https://www.amazon.ca/dp/B0F3Y4NLSL/ref=nosim?tag=YOURREALTAG-20","B0F3Y4NLSL"
"3CI067BHtUQfr5Gl8nX9","Minimal Side Table","Amazon","storage","153.99","https://www.amazon.ca/dp/B0DDPY7Y8D/ref=nosim?tag=YOURREALTAG-20","B0DDPY7Y8D"
"3IvvkM1cjwWKvWe2xqWz","Modern Area Rug","Amazon","storage","106.99","https://www.amazon.ca/dp/B0DFQBDTH1/ref=nosim?tag=YOURREALTAG-20","B0DFQBDTH1"
"3MACvF4c8REBDFb1aYjw","Modern Indoor Plant","Amazon","plants","30.99","https://www.amazon.ca/dp/B0CBYLJSGG/ref=nosim?tag=YOURREALTAG-20","B0CBYLJSGG"
"3TIxQTdGFSBb7x9Z7g5e","Wood Side Table","Amazon","storage","69.99","https://www.amazon.ca/dp/B0CC2B8DYK/ref=nosim?tag=YOURREALTAG-20","B0CC2B8DYK"
"3XXA6Rx0r7qULUk3xLFK","Vintage Pattern Rug","Amazon","storage","109.99","https://www.amazon.ca/s?k=Vintage%20Pattern%20Rug%20SwipeShop%20Studio%20Rugs",""
"3i91qW7P7YyclDNkMvez","Minimal Storage Basket","Amazon","storage","41.99","https://www.amazon.ca/s?k=Minimal%20Storage%20Basket%20SwipeShop%20Studio%20storage",""
"3jCrenVGzmN4a4gdgSOF","Cozy Organizer","Amazon","storage","53.99","https://www.amazon.ca/s?k=Cozy%20Organizer%20SwipeShop%20Studio%20storage",""
"3kJktPZUIZ9zxjLfwYqP","Modern Area Rug","Amazon","storage","85.99","https://www.amazon.ca/s?k=Modern%20Area%20Rug%20SwipeShop%20Studio%20rugs",""
"3qgBcY9VFMj8K5yccaic","Modern Wool Rug","Amazon","storage","97.99","https://www.amazon.ca/s?k=Modern%20Wool%20Rug%20SwipeShop%20Studio%20rugs",""
"3wW1gb9Z9Uu8AzHrBNpk","Neutral Side Table","Amazon","storage","156.99","https://www.amazon.ca/s?k=Neutral%20Side%20Table%20SwipeShop%20Studio%20tables",""
"3zkE7QBUmNiBcCuK2jqS","Neutral Sheet Set","Amazon","cozy-bedroom","87.99","https://www.amazon.ca/s?k=Neutral%20Sheet%20Set%20SwipeShop%20Studio%20bedding",""
"412yQa2CNdSB3vhDwEeQ","Soft Bench","Amazon","storage","173.99","https://www.amazon.ca/s?k=Soft%20Bench%20SwipeShop%20Studio%20seating",""
"45Rpj421wRUEt3uUj3X1","Classic Wall Poster","Amazon","wall-decor","60.99","https://www.amazon.ca/s?k=Classic%20Wall%20Poster%20SwipeShop%20Studio%20wall_art",""
"47YsotDqXp9BEhfpv0EJ","Soft Floor Lamp","Amazon","lighting","52.99","https://www.amazon.ca/s?k=Soft%20Floor%20Lamp%20SwipeShop%20Studio%20lighting",""
"4PNJeqmQbezgstreV1Rt","Bold Accent Chair","Amazon","storage","167.99","https://www.amazon.ca/s?k=Bold%20Accent%20Chair%20SwipeShop%20Studio%20seating",""
"4Zv6M1Jic8q4Luh3ldHM","Modern Indoor Plant","Amazon","plants","42.99","https://www.amazon.ca/s?k=Modern%20Indoor%20Plant%20SwipeShop%20Studio%20plants",""
"50hRpp0WyhPKOWYg3irI","Minimal Runner Rug","Amazon","storage","85.99","https://www.amazon.ca/s?k=Minimal%20Runner%20Rug%20SwipeShop%20Studio%20rugs",""
"58CKdM5EQMF8HYsFeoKl","Bold Vanity Mirror","Amazon","mirrors","77.99","https://www.amazon.ca/s?k=Bold%20Vanity%20Mirror%20SwipeShop%20Studio%20mirrors",""
"5HvlSDZ0FaoEO2w7aXYF","Cozy Canvas Art","Amazon","wall-decor","48.99","https://www.amazon.ca/s?k=Cozy%20Canvas%20Art%20SwipeShop%20Studio%20wall_art",""
"5XV87SntrqfajztESE9k","Classic Wool Rug","Amazon","storage","103.99","https://www.amazon.ca/s?k=Classic%20Wool%20Rug%20SwipeShop%20Studio%20rugs",""
"5XpQgajn5f7unUDbpTUS","Neutral Sheet Set","Amazon","cozy-bedroom","84.99","https://www.amazon.ca/s?k=Neutral%20Sheet%20Set%20SwipeShop%20Studio%20bedding",""
"5upfzXXsGsKdnwLTrmR1","Minimal Coffee Table","Amazon","storage","153.99","https://www.amazon.ca/s?k=Minimal%20Coffee%20Table%20SwipeShop%20Studio%20tables",""
"662vt88BXlU1YuUq7kzd","Classic Shelf Unit","Amazon","storage","44.99","https://www.amazon.ca/s?k=Classic%20Shelf%20Unit%20SwipeShop%20Studio%20storage",""
"68AZTsMnHgF8i0HJxih8","Cozy Shelf Unit","Amazon","storage","41.99","https://www.amazon.ca/s?k=Cozy%20Shelf%20Unit%20SwipeShop%20Studio%20storage",""
"6NQr8xNQTi7qJ4PKUy13","Soft Framed Print","Amazon","wall-decor","48.99","https://www.amazon.ca/s?k=Soft%20Framed%20Print%20SwipeShop%20Studio%20wall_art",""
"6dH434bIm7GC2IplbR6F","Modern Pillow Set","Amazon","cozy-bedroom","87.99","https://www.amazon.ca/s?k=Modern%20Pillow%20Set%20SwipeShop%20Studio%20bedding",""
"6h4oNBT8SWgZG9myI8jU","Neutral Pendant Light","Amazon","lighting","73.99","https://www.amazon.ca/s?k=Neutral%20Pendant%20Light%20SwipeShop%20Studio%20lighting",""
"6nX61zTS0T5yAB2FK5IJ","Minimal Serving Tray","Amazon","storage","28.99","https://www.amazon.ca/s?k=Minimal%20Serving%20Tray%20SwipeShop%20Studio%20kitchen_decor",""
"6wtOmNX5qQ4rXcfrKhba","Modern Area Rug","Amazon","storage","97.99","https://www.amazon.ca/s?k=Modern%20Area%20Rug%20SwipeShop%20Studio%20rugs",""
"71zPtMZHKYe8jb2WhUK2","Modern Ceramic Set","Amazon","storage","34.99","https://www.amazon.ca/s?k=Modern%20Ceramic%20Set%20SwipeShop%20Studio%20kitchen_decor",""
"7SdJ91CScknwY505lNT1","Minimal Framed Print","Amazon","wall-decor","60.99","https://www.amazon.ca/s?k=Minimal%20Framed%20Print%20SwipeShop%20Studio%20wall_art",""
"7lsII38thluMshsmjsqv","Soft Framed Print","Amazon","wall-decor","57.99","https://www.amazon.ca/s?k=Soft%20Framed%20Print%20SwipeShop%20Studio%20wall_art",""
"7nbrSWjG1EL3ZPZhFo4S","Cozy Potted Plant","Amazon","plants","33.99","https://www.amazon.ca/s?k=Cozy%20Potted%20Plant%20SwipeShop%20Studio%20plants",""
"7pMmtKvfIrfzREElATdH","Cozy Vanity Mirror","Amazon","mirrors","62.99","https://www.amazon.ca/s?k=Cozy%20Vanity%20Mirror%20SwipeShop%20Studio%20mirrors",""
"7vUInzzbM6RX2yfvJlw2","Classic Coffee Table","Amazon","storage","144.99","https://www.amazon.ca/s?k=Classic%20Coffee%20Table%20SwipeShop%20Studio%20tables",""
"879mM2ZfJNtaYbH1ErWp","Minimal Organizer","Amazon","storage","32.99","https://www.amazon.ca/s?k=Minimal%20Organizer%20SwipeShop%20Studio%20storage",""
"8GKqjfjp2vNGMENqj03p","Classic Kitchen Decor","Amazon","storage","19.99","https://www.amazon.ca/s?k=Classic%20Kitchen%20Decor%20SwipeShop%20Studio%20kitchen_decor",""
"8MGVqC5R9DFja2P4xHlv","Soft Coffee Table","Amazon","storage","144.99","https://www.amazon.ca/s?k=Soft%20Coffee%20Table%20SwipeShop%20Studio%20tables",""
"8Z0NieE2XyDTyqv3nNL1","Cozy Accent Chair","Amazon","storage","152.99","https://www.amazon.ca/s?k=Cozy%20Accent%20Chair%20SwipeShop%20Studio%20seating",""
"8eE3gMAxLARVgGGTI632","Soft Table Lamp","Amazon","lighting","76.99","https://www.amazon.ca/s?k=Soft%20Table%20Lamp%20SwipeShop%20Studio%20lighting",""
"8joz5ayFmSriprsu5mSc","Minimal Shelf Unit","Amazon","storage","139.99","https://www.amazon.ca/s?k=Minimal%20Shelf%20Unit%20SwipeShop%20Studio%20Storage",""
"8zM7Jg35UOAuZkSxTlNk","Soft Floor Lamp","Amazon","lighting","70.99","https://www.amazon.ca/s?k=Soft%20Floor%20Lamp%20SwipeShop%20Studio%20lighting",""
"96Tk11l4wOaeSCYOpbtY","Modern Floor Lamp","Amazon","lighting","55.99","https://www.amazon.ca/s?k=Modern%20Floor%20Lamp%20SwipeShop%20Studio%20lighting",""
"98UB6BmA30SRodXMqLZC","Classic Canvas Art","Amazon","wall-decor","54.99","https://www.amazon.ca/s?k=Classic%20Canvas%20Art%20SwipeShop%20Studio%20wall_art",""
"9QV8YuewU5ZTwfDOho8M","Soft Bench","Amazon","storage","155.99","https://www.amazon.ca/s?k=Soft%20Bench%20SwipeShop%20Studio%20seating",""
"9WvH9C3o7Mprjqogh42d","Minimal Console Table","Amazon","storage","129.99","https://www.amazon.ca/s?k=Minimal%20Console%20Table%20SwipeShop%20Studio%20Tables",""
"9YNOvVfKZF2HAW0XyHfz","Soft Accent Chair","Amazon","storage","167.99","https://www.amazon.ca/s?k=Soft%20Accent%20Chair%20SwipeShop%20Studio%20seating",""
"9dFmATIaupwQyV8jMoeX","Neutral Wool Rug","Amazon","storage","103.99","https://www.amazon.ca/s?k=Neutral%20Wool%20Rug%20SwipeShop%20Studio%20rugs",""
"9vnngoq5Ey0CLrswiJFg","Minimal Bench","Amazon","storage","176.99","https://www.amazon.ca/s?k=Minimal%20Bench%20SwipeShop%20Studio%20seating",""
"9yxtGnYVduCs3ZczS4t5","Neutral Console Table","Amazon","storage","150.99","https://www.amazon.ca/s?k=Neutral%20Console%20Table%20SwipeShop%20Studio%20tables",""
"A7PeBUvoCb3brse6q1lC","Cozy Vanity Mirror","Amazon","mirrors","62.99","https://www.amazon.ca/s?k=Cozy%20Vanity%20Mirror%20SwipeShop%20Studio%20mirrors",""
"AE9cH4btnjlLoBbCQfXc","Classic Bench","Amazon","storage","176.99","https://www.amazon.ca/s?k=Classic%20Bench%20SwipeShop%20Studio%20seating",""
"ASkgYbBiaxTYCH6NlQ41","Classic Wall Mirror","Amazon","mirrors","71.99","https://www.amazon.ca/s?k=Classic%20Wall%20Mirror%20SwipeShop%20Studio%20mirrors",""
"ATLemfWOdFmQ67A9Ultx","Modern Shelf Unit","Amazon","storage","35.99","https://www.amazon.ca/s?k=Modern%20Shelf%20Unit%20SwipeShop%20Studio%20storage",""
"AVhqllYH8HD3EIX5x4tb","Modern Vanity Mirror","Amazon","mirrors","59.99","https://www.amazon.ca/s?k=Modern%20Vanity%20Mirror%20SwipeShop%20Studio%20mirrors",""
"AhWQByDizdet2QOvKlse","Minimal Wall Poster","Amazon","wall-decor","60.99","https://www.amazon.ca/s?k=Minimal%20Wall%20Poster%20SwipeShop%20Studio%20wall_art",""
"AiIxLrZeSPXNK4KnCqn2","Bold Pendant Light","Amazon","lighting","64.99","https://www.amazon.ca/s?k=Bold%20Pendant%20Light%20SwipeShop%20Studio%20lighting",""
"AinFjKrLSkDHZ2bQxBFr","Bold Wall Poster","Amazon","wall-decor","45.99","https://www.amazon.ca/s?k=Bold%20Wall%20Poster%20SwipeShop%20Studio%20wall_art",""
"B4JpjRxtZjLL27uuAPDA","Minimal Storage Basket","Amazon","storage","32.99","https://www.amazon.ca/s?k=Minimal%20Storage%20Basket%20SwipeShop%20Studio%20storage",""
"B9wTLFkCR07DDoZFPTga","Classic Organizer","Amazon","storage","44.99","https://www.amazon.ca/s?k=Classic%20Organizer%20SwipeShop%20Studio%20storage",""
"BXFtGgQbDjzmuBP6hh9P","Minimal Stool","Amazon","storage","167.99","https://www.amazon.ca/s?k=Minimal%20Stool%20SwipeShop%20Studio%20seating",""
"BYmMOYmOWhlXTiLneaSM","Hanging Plant Pot","Amazon","plants","19.99","https://www.amazon.ca/s?k=Hanging%20Plant%20Pot%20SwipeShop%20Studio%20Plants",""
"Bcjj69T9i0clSLvLRCt4","Soft Wall Mirror","Amazon","mirrors","86.99","https://www.amazon.ca/s?k=Soft%20Wall%20Mirror%20SwipeShop%20Studio%20mirrors",""
"BezxnEQkO78i5hua9HFU","Bold Serving Tray","Amazon","storage","19.99","https://www.amazon.ca/s?k=Bold%20Serving%20Tray%20SwipeShop%20Studio%20kitchen_decor",""
"Bj2KF1qA7148VznNzIvs","Soft Wool Rug","Amazon","storage","82.99","https://www.amazon.ca/s?k=Soft%20Wool%20Rug%20SwipeShop%20Studio%20rugs",""
"BzBjYH9lbgGpY700JfdQ","Wood Cutting Board Set","Amazon","storage","29.99","https://www.amazon.ca/s?k=Wood%20Cutting%20Board%20Set%20SwipeShop%20Studio%20Kitchen%20Decor",""
"C1o6MhHyVAJCOHDuMUSa","Classic Planter","Amazon","plants","27.99","https://www.amazon.ca/s?k=Classic%20Planter%20SwipeShop%20Studio%20plants",""
"C8ey8HL6LzscsBLnzUmp","Soft Side Table","Amazon","storage","144.99","https://www.amazon.ca/s?k=Soft%20Side%20Table%20SwipeShop%20Studio%20tables",""
"CBz1PpqW14by4dXjK2HJ","Landscape Poster","Amazon","wall-decor","24.99","https://www.amazon.ca/s?k=Landscape%20Poster%20SwipeShop%20Studio%20Wall%20Art",""
"COwLGDg4mr21fUWJm1d3","Neutral Organizer","Amazon","storage","41.99","https://www.amazon.ca/s?k=Neutral%20Organizer%20SwipeShop%20Studio%20storage",""
"CPv0CDYkjv0mqzqm2JCr","Modern Shelf Unit","Amazon","storage","29.99","https://www.amazon.ca/s?k=Modern%20Shelf%20Unit%20SwipeShop%20Studio%20storage",""
"CasI8k1vrWET1WdEI0zQ","Wood Side Table","Amazon","storage","69.99","https://www.amazon.ca/s?k=Wood%20Side%20Table%20SwipeShop%20Studio%20Tables",""
"CbR2KgXzl8n4eStIVvQz","Linen Duvet Set","Amazon","cozy-bedroom","119.99","https://www.amazon.ca/s?k=Linen%20Duvet%20Set%20SwipeShop%20Studio%20Bedding",""
"Cy0ImK5LbFry1rvyoOik","Bold Ceramic Set","Amazon","storage","40.99","https://www.amazon.ca/s?k=Bold%20Ceramic%20Set%20SwipeShop%20Studio%20kitchen_decor",""
"CyezIcJVVAkbg0F2UAaZ","Classic Vanity Mirror","Amazon","mirrors","59.99","https://www.amazon.ca/s?k=Classic%20Vanity%20Mirror%20SwipeShop%20Studio%20mirrors",""
"D2wv5aRMwrHe4h65JT18","Minimal Pillow Set","Amazon","cozy-bedroom","96.99","https://www.amazon.ca/s?k=Minimal%20Pillow%20Set%20SwipeShop%20Studio%20bedding",""
"D8bmaalqScM8Z2b69302","Modern Coffee Table","Amazon","storage","147.99","https://www.amazon.ca/s?k=Modern%20Coffee%20Table%20SwipeShop%20Studio%20tables",""
"DGkxIvhZfy9HtVYWW28L","Modern Pendant Light","Amazon","lighting","73.99","https://www.amazon.ca/s?k=Modern%20Pendant%20Light%20SwipeShop%20Studio%20lighting",""
"DSFyY4qR3I8pXVYKt3C1","Minimal Ceramic Set","Amazon","storage","25.99","https://www.amazon.ca/s?k=Minimal%20Ceramic%20Set%20SwipeShop%20Studio%20kitchen_decor",""
"DbjcyZ15stH9CBYnbAKZ","Classic Console Table","Amazon","storage","156.99","https://www.amazon.ca/s?k=Classic%20Console%20Table%20SwipeShop%20Studio%20tables",""
"Dla3rrKjz89L3HAwytFr","Neutral Kitchen Decor","Amazon","storage","34.99","https://www.amazon.ca/s?k=Neutral%20Kitchen%20Decor%20SwipeShop%20Studio%20kitchen_decor",""
"DngeAvI1WWuy5xKPjuOs","Cozy Wall Mirror","Amazon","mirrors","80.99","https://www.amazon.ca/s?k=Cozy%20Wall%20Mirror%20SwipeShop%20Studio%20mirrors",""
"DoUrjVaYMO8DGSUKqZMS","Bold Indoor Plant","Amazon","plants","39.99","https://www.amazon.ca/s?k=Bold%20Indoor%20Plant%20SwipeShop%20Studio%20plants",""
"Drl0P5sysWuoCnDJ5bKU","Soft Serving Tray","Amazon","storage","19.99","https://www.amazon.ca/s?k=Soft%20Serving%20Tray%20SwipeShop%20Studio%20kitchen_decor",""
"Dw9CulNFtMq5ONVfsxgP","Soft Table Lamp","Amazon","lighting","76.99","https://www.amazon.ca/s?k=Soft%20Table%20Lamp%20SwipeShop%20Studio%20lighting",""
"Dy2pHWRdHm8NqrnNyMOS","Modern Ceramic Set","Amazon","storage","31.99","https://www.amazon.ca/s?k=Modern%20Ceramic%20Set%20SwipeShop%20Studio%20kitchen_decor",""
"E20S0DpEV5yysDPK9ILI","Modern Table Lamp","Amazon","lighting","49.99","https://www.amazon.ca/s?k=Modern%20Table%20Lamp%20Lightning",""
"EIrCkLro1BTxMCzovh4m","Cozy Wool Rug","Amazon","storage","106.99","https://www.amazon.ca/s?k=Cozy%20Wool%20Rug%20SwipeShop%20Studio%20rugs",""
"EVMtl4FSsITPTsDKxk47","Modern Accent Chair","Amazon","storage","176.99","https://www.amazon.ca/s?k=Modern%20Accent%20Chair%20SwipeShop%20Studio%20seating",""
"EVzzZE2CDnt2r5fmOt5K","Minimal Pillow Set","Amazon","cozy-bedroom","81.99","https://www.amazon.ca/s?k=Minimal%20Pillow%20Set%20SwipeShop%20Studio%20bedding",""
"EWpbaySRFau8gNaM91pt","Cozy Accent Chair","Amazon","storage","170.99","https://www.amazon.ca/s?k=Cozy%20Accent%20Chair%20SwipeShop%20Studio%20seating",""
"EfPa779vIfB8tq6x7FwR","Cozy Coffee Table","Amazon","storage","156.99","https://www.amazon.ca/s?k=Cozy%20Coffee%20Table%20SwipeShop%20Studio%20tables",""
"Ep6lF3ZOzzDNqS1MhE9F","Minimal Stool","Amazon","storage","155.99","https://www.amazon.ca/s?k=Minimal%20Stool%20SwipeShop%20Studio%20seating",""
"Eqz5YKYwFoOdlcqjIi40","Faux Olive Tree","Amazon","plants","79.99","https://www.amazon.ca/s?k=Faux%20Olive%20Tree%20SwipeShop%20Studio%20Plants",""
"F08hJ9GAZtSmqfzwJj6R","Minimal Vanity Mirror","Amazon","mirrors","65.99","https://www.amazon.ca/s?k=Minimal%20Vanity%20Mirror%20SwipeShop%20Studio%20mirrors",""
"FEQ7GCTJ4WrAcLtkCIZZ","Entryway Shoe Cabinet","Amazon","storage","159.99","https://www.amazon.ca/s?k=Entryway%20Shoe%20Cabinet%20SwipeShop%20Studio%20Storage",""
"FH48pPgzPrmyRMbAz3gF","Bold Wall Mirror","Amazon","mirrors","62.99","https://www.amazon.ca/s?k=Bold%20Wall%20Mirror%20SwipeShop%20Studio%20mirrors",""
"FPY72MOkE4xO48B80x9B","Neutral Vanity Mirror","Amazon","mirrors","74.99","https://www.amazon.ca/s?k=Neutral%20Vanity%20Mirror%20SwipeShop%20Studio%20mirrors",""
"FQRKgEUB9TkNZaVKRial","Neutral Side Table","Amazon","storage","129.99","https://www.amazon.ca/s?k=Neutral%20Side%20Table%20SwipeShop%20Studio%20tables",""
"FTGkeqyCByUkUSLRs1GP","Minimal Runner Rug","Amazon","storage","59.99","https://www.amazon.ca/s?k=Minimal%20Runner%20Rug%20SwipeShop%20Studio%20Rugs",""
"FUjiAwBCpaLHKDghhtIO","Minimal Potted Plant","Amazon","plants","27.99","https://www.amazon.ca/s?k=Minimal%20Potted%20Plant%20SwipeShop%20Studio%20plants",""
"FVbdKy6519GIVRLfFYfn","Minimal Round Mirror","Amazon","mirrors","62.99","https://www.amazon.ca/s?k=Minimal%20Round%20Mirror%20SwipeShop%20Studio%20mirrors",""
"FgqBCzirAf5RpnLvY4SD","Soft Runner Rug","Amazon","storage","88.99","https://www.amazon.ca/s?k=Soft%20Runner%20Rug%20SwipeShop%20Studio%20rugs",""
"FjBw9AB5vswGDA2twNeE","Neutral Console Table","Amazon","storage","132.99","https://www.amazon.ca/s?k=Neutral%20Console%20Table%20SwipeShop%20Studio%20tables",""
"FktYZkf1XtixBN9dqbhy","Cozy Bench","Amazon","storage","152.99","https://www.amazon.ca/s?k=Cozy%20Bench%20SwipeShop%20Studio%20seating",""
"FoUSn6dyQIrv8ZUjcrmC","Woven Storage Basket","Amazon","storage","24.99","https://www.amazon.ca/s?k=Woven%20Storage%20Basket%20SwipeShop%20Studio%20Storage",""
"G58YHXBd57w3nNqvbsYL","Minimal Shelf Unit","Amazon","storage","53.99","https://www.amazon.ca/s?k=Minimal%20Shelf%20Unit%20SwipeShop%20Studio%20storage",""
"Gcpej4Q92ZYWkvIdBxsw","Minimal Planter","Amazon","plants","51.99","https://www.amazon.ca/s?k=Minimal%20Planter%20SwipeShop%20Studio%20plants",""
"GjzjySmaBnR9m0J8CY62","Soft Wall Poster","Amazon","wall-decor","51.99","https://www.amazon.ca/s?k=Soft%20Wall%20Poster%20SwipeShop%20Studio%20wall_art",""
"GnCqgDVapLweVSpGpEUq","Soft Bench","Amazon","storage","152.99","https://www.amazon.ca/s?k=Soft%20Bench%20SwipeShop%20Studio%20seating",""
"Gph67eKsyZvpcP9nsof1","Classic Shelf Unit","Amazon","storage","47.99","https://www.amazon.ca/s?k=Classic%20Shelf%20Unit%20SwipeShop%20Studio%20storage",""
"GyqkpejgA81pSmDoo3u0","Bold Ceramic Set","Amazon","storage","40.99","https://www.amazon.ca/s?k=Bold%20Ceramic%20Set%20SwipeShop%20Studio%20kitchen_decor",""
"H4JvMXlGzmKD5vy0Eym4","Bold Stool","Amazon","storage","149.99","https://www.amazon.ca/s?k=Bold%20Stool%20SwipeShop%20Studio%20seating",""
"H8xdUfqETJS2MIRlO47s","Modern Floor Lamp","Amazon","lighting","76.99","https://www.amazon.ca/s?k=Modern%20Floor%20Lamp%20SwipeShop%20Studio%20lighting",""
"HSZrWfxiXuuevvlnT4qG","Minimal Pillow Set","Amazon","cozy-bedroom","78.99","https://www.amazon.ca/s?k=Minimal%20Pillow%20Set%20SwipeShop%20Studio%20bedding",""
"HfoDYcB4eY89YU4afhNC","Bold Runner Rug","Amazon","storage","91.99","https://www.amazon.ca/s?k=Bold%20Runner%20Rug%20SwipeShop%20Studio%20rugs",""
"HgGe5ua4dgui4dljcljW","Minimal Shelf Unit","Amazon","storage","139.99","https://www.amazon.ca/s?k=Minimal%20Shelf%20Unit%20SwipeShop%20Studio%20Storage",""
"HnoAE1mhxHE2uNmm4xIM","Modern Duvet Set","Amazon","cozy-bedroom","81.99","https://www.amazon.ca/s?k=Modern%20Duvet%20Set%20SwipeShop%20Studio%20bedding",""
"Hw1pYjPGEY2jlhba4ZBn","Soft Coffee Table","Amazon","storage","144.99","https://www.amazon.ca/s?k=Soft%20Coffee%20Table%20SwipeShop%20Studio%20tables",""
"Hydlaj7TRLlUCo26AmWK","Round Wall Mirror","Amazon","mirrors","59.99","https://www.amazon.ca/s?k=Round%20Wall%20Mirror%20SwipeShop%20Studio%20Mirrors",""
"HywrEGnULzJL1bsYEVfS","Soft Stool","Amazon","storage","158.99","https://www.amazon.ca/s?k=Soft%20Stool%20SwipeShop%20Studio%20seating",""
"I8BEqPOvztwVHbKl5pwM","Classic Wall Poster","Amazon","wall-decor","42.99","https://www.amazon.ca/s?k=Classic%20Wall%20Poster%20SwipeShop%20Studio%20wall_art",""
"IlNv9KioYhOpgZd7yM6d","Neutral Side Table","Amazon","storage","144.99","https://www.amazon.ca/s?k=Neutral%20Side%20Table%20SwipeShop%20Studio%20tables",""
"ItCpe247P4fqC9yNq6Zx","Classic Round Mirror","Amazon","mirrors","86.99","https://www.amazon.ca/s?k=Classic%20Round%20Mirror%20SwipeShop%20Studio%20mirrors",""
"ItEpkBYUXC3n6Q19eLjt","Bold Runner Rug","Amazon","storage","100.99","https://www.amazon.ca/s?k=Bold%20Runner%20Rug%20SwipeShop%20Studio%20rugs",""
"IuYeHxjWQwjzxIwZXBUh","Neutral Duvet Set","Amazon","cozy-bedroom","81.99","https://www.amazon.ca/s?k=Neutral%20Duvet%20Set%20SwipeShop%20Studio%20bedding",""
"J4a68d042Rba8gwIejSt","Modern Table Lamp","Amazon","lighting","49.99","https://www.amazon.ca/s?k=Modern%20Table%20Lamp%20SwipeShop%20Studio%20Lighting",""
"JGEloy7I8aMrO4Mg6FCt","Cozy Canvas Art","Amazon","wall-decor","42.99","https://www.amazon.ca/s?k=Cozy%20Canvas%20Art%20SwipeShop%20Studio%20wall_art",""
"JJEfWrWLmzilbd4ySD1b","Modern Stool","Amazon","storage","176.99","https://www.amazon.ca/s?k=Modern%20Stool%20SwipeShop%20Studio%20seating",""
"JSumpMGXMm3ovM0Qkzlq","Soft Shelf Unit","Amazon","storage","35.99","https://www.amazon.ca/s?k=Soft%20Shelf%20Unit%20SwipeShop%20Studio%20storage",""
"JY6hqFLINwhnvGrG0XsD","Neutral Area Rug","Amazon","storage","97.99","https://www.amazon.ca/s?k=Neutral%20Area%20Rug%20SwipeShop%20Studio%20rugs",""
"JZEy8zMjymcyp4KsLqSL","Modern Indoor Plant","Amazon","plants","30.99","https://www.amazon.ca/s?k=Modern%20Indoor%20Plant%20SwipeShop%20Studio%20plants",""
"K0pANLIg63aqCvJZn5BG","Minimal Pendant Light","Amazon","lighting","76.99","https://www.amazon.ca/s?k=Minimal%20Pendant%20Light%20SwipeShop%20Studio%20lighting",""
"K4LYrvjpYtwWgNLJxhjz","Bold Ceramic Set","Amazon","storage","25.99","https://www.amazon.ca/s?k=Bold%20Ceramic%20Set%20SwipeShop%20Studio%20kitchen_decor",""
"KAJANlCjjlfvv4RTSVdk","Classic Planter","Amazon","plants","45.99","https://www.amazon.ca/s?k=Classic%20Planter%20SwipeShop%20Studio%20plants",""
"KCJ1sVhx7Z0ucA1dJ2kn","Cozy Serving Tray","Amazon","storage","37.99","https://www.amazon.ca/s?k=Cozy%20Serving%20Tray%20SwipeShop%20Studio%20kitchen_decor",""
"KGZPWTXWk7fTo9agooN6","Minimal Area Rug","Amazon","storage","94.99","https://www.amazon.ca/s?k=Minimal%20Area%20Rug%20SwipeShop%20Studio%20rugs",""
"KHUUtQvdJQhxAXcYS5vp","Neutral Wool Rug","Amazon","storage","100.99","https://www.amazon.ca/s?k=Neutral%20Wool%20Rug%20SwipeShop%20Studio%20rugs",""
"KYOsMCS5viqcBDLglZkI","Classic Canvas Art","Amazon","wall-decor","60.99","https://www.amazon.ca/s?k=Classic%20Canvas%20Art%20SwipeShop%20Studio%20wall_art",""
"Kgb9zDaaMSdrVFIEbEgU","Cozy Pillow Set","Amazon","cozy-bedroom","69.99","https://www.amazon.ca/s?k=Cozy%20Pillow%20Set%20SwipeShop%20Studio%20bedding",""
"L6ahdqndO94vzhPw2DxP","Classic Side Table","Amazon","storage","132.99","https://www.amazon.ca/s?k=Classic%20Side%20Table%20SwipeShop%20Studio%20tables",""
"L76nDqmtfHrtOSVCVBnm","Bold Area Rug","Amazon","storage","82.99","https://www.amazon.ca/s?k=Bold%20Area%20Rug%20SwipeShop%20Studio%20rugs",""
"LDRTDGuqUeVfCRC55ko7","Cozy Pendant Light","Amazon","lighting","73.99","https://www.amazon.ca/s?k=Cozy%20Pendant%20Light%20SwipeShop%20Studio%20lighting",""
"LE9HwXcUQqeTSAesuZfV","Minimal Bench","Amazon","storage","164.99","https://www.amazon.ca/s?k=Minimal%20Bench%20SwipeShop%20Studio%20seating",""
"LF2LvGG71HjoINbYdsiO","Cozy Side Table","Amazon","storage","138.99","https://www.amazon.ca/s?k=Cozy%20Side%20Table%20SwipeShop%20Studio%20tables",""
"LI7ZfLBH135WxWtCeNjE","Soft Stool","Amazon","storage","161.99","https://www.amazon.ca/s?k=Soft%20Stool%20SwipeShop%20Studio%20seating",""
"LMCI0j7Dpa9cVHa7HVVx","Soft Wall Mirror","Amazon","mirrors","65.99","https://www.amazon.ca/s?k=Soft%20Wall%20Mirror%20SwipeShop%20Studio%20mirrors",""
"LTcHCvYvOvQiXieuYu4U","Classic Wool Rug","Amazon","storage","79.99","https://www.amazon.ca/s?k=Classic%20Wool%20Rug%20SwipeShop%20Studio%20rugs",""
"LUkkAj8Wd6ZOKGw1nVjB","Soft Planter","Amazon","plants","51.99","https://www.amazon.ca/s?k=Soft%20Planter%20SwipeShop%20Studio%20plants",""
"Lb9wEg1Rc1MHoOzWOYEX","Abstract Canvas Print","Amazon","wall-decor","39.99","https://www.amazon.ca/s?k=Abstract%20Canvas%20Print%20SwipeShop%20Studio%20Wall%20Art",""
"Le2LUoUJnS2a777bySjE","Modern Indoor Plant","Amazon","plants","30.99","https://www.amazon.ca/s?k=Modern%20Indoor%20Plant%20SwipeShop%20Studio%20plants",""
"Luk0tHsg2B0Q82DTejOz","Neutral Console Table","Amazon","storage","156.99","https://www.amazon.ca/s?k=Neutral%20Console%20Table%20SwipeShop%20Studio%20tables",""
"LzDTGvDmO5hHgjlQn0ap","Round Coffee Table","Amazon","storage","149.99","https://www.amazon.ca/s?k=Round%20Coffee%20Table%20SwipeShop%20Studio%20Tables",""
"M9A71PUoXh3XZobuhLv5","Bold Runner Rug","Amazon","storage","88.99","https://www.amazon.ca/s?k=Bold%20Runner%20Rug%20SwipeShop%20Studio%20rugs",""
"MJSrMsHBpYHx0KpQhtmX","Cozy Vanity Mirror","Amazon","mirrors","62.99","https://www.amazon.ca/s?k=Cozy%20Vanity%20Mirror%20SwipeShop%20Studio%20mirrors",""
"Mepy65gYgwMOaXyCRKNJ","Cozy Framed Print","Amazon","wall-decor","54.99","https://www.amazon.ca/s?k=Cozy%20Framed%20Print%20SwipeShop%20Studio%20wall_art",""
"Mex7Npc11EWv8BEMdFU1","Classic Ceramic Set","Amazon","storage","19.99","https://www.amazon.ca/s?k=Classic%20Ceramic%20Set%20SwipeShop%20Studio%20kitchen_decor",""
"Mez6DrfwXhV2ax9r4u2t","Cozy Kitchen Decor","Amazon","storage","22.99","https://www.amazon.ca/s?k=Cozy%20Kitchen%20Decor%20SwipeShop%20Studio%20kitchen_decor",""
"N3ybuj7bEu4mF1Zj85lM","Minimal Line Art Set (2-pack)","Amazon","wall-decor","29.99","https://www.amazon.ca/s?k=Minimal%20Line%20Art%20Set%20(2-pack)%20SwipeShop%20Studio%20Wall%20Art",""
"NBopzWeb2rJGGKrAKuz0","Cozy Wall Poster","Amazon","wall-decor","54.99","https://www.amazon.ca/s?k=Cozy%20Wall%20Poster%20SwipeShop%20Studio%20wall_art",""
"NIu51t1CmhkGT5NXouL8","Cozy Floor Lamp","Amazon","lighting","67.99","https://www.amazon.ca/s?k=Cozy%20Floor%20Lamp%20SwipeShop%20Studio%20lighting",""
"NO4fMMQsrhDAW05aA40e","Full Length Mirror","Amazon","mirrors","89.99","https://www.amazon.ca/s?k=Full%20Length%20Mirror%20SwipeShop%20Studio%20Mirrors",""
"NRGTGdTScA6VdUBh63PG","Minimal Line Art Set (2-pack)","Amazon","wall-decor","29.99","https://www.amazon.ca/s?k=Minimal%20Line%20Art%20Set%20(2-pack)%20SwipeShop%20Studio%20Wall%20Art",""
"Nay2YSWy8F2gPd1TyGnx","Cozy Canvas Art","Amazon","wall-decor","48.99","https://www.amazon.ca/s?k=Cozy%20Canvas%20Art%20SwipeShop%20Studio%20wall_art",""
"NoKD2XdFMWO4LETAfixS","Cozy Framed Print","Amazon","wall-decor","63.99","https://www.amazon.ca/s?k=Cozy%20Framed%20Print%20SwipeShop%20Studio%20wall_art",""
"NvtnCbVpjcAa0X4HOscT","Soft Storage Basket","Amazon","storage","35.99","https://www.amazon.ca/s?k=Soft%20Storage%20Basket%20SwipeShop%20Studio%20storage",""
"O6jxpN8pF8oi349mpfIS","Cozy Sheet Set","Amazon","cozy-bedroom","69.99","https://www.amazon.ca/s?k=Cozy%20Sheet%20Set%20SwipeShop%20Studio%20bedding",""
"OGGXsgNNFCJFD4iwcbVu","Soft Bench","Amazon","storage","158.99","https://www.amazon.ca/s?k=Soft%20Bench%20SwipeShop%20Studio%20seating",""
"OKGfTZSnPdOrfyT9VQiU","Classic Wool Rug","Amazon","storage","85.99","https://www.amazon.ca/s?k=Classic%20Wool%20Rug%20SwipeShop%20Studio%20rugs",""
"OOeKiBpymqbQpwejOHOx","Modern Table Lamp","Amazon","lighting","49.99","https://www.amazon.ca/s?k=Modern%20Table%20Lamp%20SwipeShop%20Studio%20Lighting",""
"OlB5PDnxLTsXAkSxJ3sD","Modern Stool","Amazon","storage","158.99","https://www.amazon.ca/s?k=Modern%20Stool%20SwipeShop%20Studio%20seating",""
"Oq56hkVTLzwF1jUEVWpY","Cozy Shelf Unit","Amazon","storage","47.99","https://www.amazon.ca/s?k=Cozy%20Shelf%20Unit%20SwipeShop%20Studio%20storage",""
"OrdG44desgXQ2bWcnaOC","Neutral Indoor Plant","Amazon","plants","24.99","https://www.amazon.ca/s?k=Neutral%20Indoor%20Plant%20SwipeShop%20Studio%20plants",""
"OuxOf0wevbdPagSL3ypJ","Minimal Canister Set","Amazon","storage","34.99","https://www.amazon.ca/s?k=Minimal%20Canister%20Set%20SwipeShop%20Studio%20Kitchen%20Decor",""
"OwLi5Rxj29Cw1dyOneok","Modern Table Lamp","Amazon","lighting","67.99","https://www.amazon.ca/s?k=Modern%20Table%20Lamp%20SwipeShop%20Studio%20lighting",""
"Oypy1o6XAQXLNLDpnAlS","Entryway Shoe Cabinet","Amazon","storage","159.99","https://www.amazon.ca/s?k=Entryway%20Shoe%20Cabinet%20SwipeShop%20Studio%20Storage",""
"P5YfkRfzNMNzoT3RGxw1","Neutral Framed Print","Amazon","wall-decor","63.99","https://www.amazon.ca/s?k=Neutral%20Framed%20Print%20SwipeShop%20Studio%20wall_art",""
"PA2B42hxNlju4Tno7P0f","Cozy Vanity Mirror","Amazon","mirrors","68.99","https://www.amazon.ca/s?k=Cozy%20Vanity%20Mirror%20SwipeShop%20Studio%20mirrors",""
"PE55ozLPYpmVboSJyGFs","Cozy Duvet Set","Amazon","cozy-bedroom","69.99","https://www.amazon.ca/s?k=Cozy%20Duvet%20Set%20SwipeShop%20Studio%20bedding",""
"PFXVSycITdF7huhZmEye","Minimal Potted Plant","Amazon","plants","42.99","https://www.amazon.ca/s?k=Minimal%20Potted%20Plant%20SwipeShop%20Studio%20plants",""
"PJ2Ap78oZWlZt9IY5rVm","Minimal Indoor Plant","Amazon","plants","30.99","https://www.amazon.ca/s?k=Minimal%20Indoor%20Plant%20SwipeShop%20Studio%20plants",""
"PPzqIjnx5hCeGkTGzDMP","Wood Cutting Board Set","Amazon","storage","29.99","https://www.amazon.ca/s?k=Wood%20Cutting%20Board%20Set%20SwipeShop%20Studio%20Kitchen%20Decor",""
"PWaGYUh8KhJuudoWcVUY","Bold Pillow Set","Amazon","cozy-bedroom","87.99","https://www.amazon.ca/s?k=Bold%20Pillow%20Set%20SwipeShop%20Studio%20bedding",""
"PwSaPNIUbIqlAsmXUbVK","Cozy Bench","Amazon","storage","152.99","https://www.amazon.ca/s?k=Cozy%20Bench%20SwipeShop%20Studio%20seating",""
"Px5moiGARzxBWB1x1PL1","Modern Pendant Light","Amazon","lighting","58.99","https://www.amazon.ca/s?k=Modern%20Pendant%20Light%20SwipeShop%20Studio%20lighting",""
"QDlwKWdA9DEJgX6PeC4e","Classic Side Table","Amazon","storage","135.99","https://www.amazon.ca/s?k=Classic%20Side%20Table%20SwipeShop%20Studio%20tables",""
"QGckn4u82CqKcQNJq2qh","Modern Area Rug","Amazon","storage","82.99","https://www.amazon.ca/s?k=Modern%20Area%20Rug%20SwipeShop%20Studio%20rugs",""
"QOkjTvijsp93TRG8utN4","Round Coffee Table","Amazon","storage","149.99","https://www.amazon.ca/s?k=Round%20Coffee%20Table%20SwipeShop%20Studio%20Tables",""
"QPEWqiPsXLBNioN5HhTX","Minimal Framed Print","Amazon","wall-decor","39.99","https://www.amazon.ca/s?k=Minimal%20Framed%20Print%20SwipeShop%20Studio%20wall_art",""
"QrrjTDQSRNuUVajwFG1U","Modern Framed Print","Amazon","wall-decor","57.99","https://www.amazon.ca/s?k=Modern%20Framed%20Print%20SwipeShop%20Studio%20wall_art",""
"RBmRveafFpCazaMCS3lT","Soft Wall Poster","Amazon","wall-decor","54.99","https://www.amazon.ca/s?k=Soft%20Wall%20Poster%20SwipeShop%20Studio%20wall_art",""
"RDAqIX0ckCncC4s2v7dA","Soft Serving Tray","Amazon","storage","34.99","https://www.amazon.ca/s?k=Soft%20Serving%20Tray%20SwipeShop%20Studio%20kitchen_decor",""
"RDqmiKLKcNHsM71BCVN1","Classic Ceramic Set","Amazon","storage","43.99","https://www.amazon.ca/s?k=Classic%20Ceramic%20Set%20SwipeShop%20Studio%20kitchen_decor",""
"ReKSd59RVrO37RDyg4BB","Soft Table Lamp","Amazon","lighting","73.99","https://www.amazon.ca/s?k=Soft%20Table%20Lamp%20SwipeShop%20Studio%20lighting",""
"RrZcEePDTMRIefwpoaNG","Neutral Area Rug","Amazon","storage","79.99","https://www.amazon.ca/s?k=Neutral%20Area%20Rug%20SwipeShop%20Studio%20Rugs",""
"SQOHrDkjXbdGNvuBkEtf","Minimal Framed Print","Amazon","wall-decor","45.99","https://www.amazon.ca/s?k=Minimal%20Framed%20Print%20SwipeShop%20Studio%20wall_art",""
"SnJ5ymEZtgCnv65nPykL","Cozy Indoor Plant","Amazon","plants","30.99","https://www.amazon.ca/s?k=Cozy%20Indoor%20Plant%20SwipeShop%20Studio%20plants",""
"Sy4SbeuZKMV8LTHEzlmB","Neutral Stool","Amazon","storage","149.99","https://www.amazon.ca/s?k=Neutral%20Stool%20SwipeShop%20Studio%20seating",""
"SzkcaSVq0rUqnzVrEDDX","Modern Storage Basket","Amazon","storage","53.99","https://www.amazon.ca/s?k=Modern%20Storage%20Basket%20SwipeShop%20Studio%20storage",""
"TrTxeMY6b0Lvg0j7Njou","Neutral Accent Chair","Amazon","storage","176.99","https://www.amazon.ca/s?k=Neutral%20Accent%20Chair%20SwipeShop%20Studio%20seating",""
"TrkWmMX3QppV8s27M6Ct","Classic Storage Basket","Amazon","storage","56.99","https://www.amazon.ca/s?k=Classic%20Storage%20Basket%20SwipeShop%20Studio%20storage",""
"TxOjvruVXo7NTtsmwlMh","Soft Wall Poster","Amazon","wall-decor","57.99","https://www.amazon.ca/s?k=Soft%20Wall%20Poster%20SwipeShop%20Studio%20wall_art",""
"U8cavhZoProJ1QaZFbLa","Classic Area Rug","Amazon","storage","106.99","https://www.amazon.ca/s?k=Classic%20Area%20Rug%20SwipeShop%20Studio%20rugs",""
"UDmKGt5BjOIaWjgT6AB0","Bold Canvas Art","Amazon","wall-decor","63.99","https://www.amazon.ca/s?k=Bold%20Canvas%20Art%20SwipeShop%20Studio%20wall_art",""
"UHPoTjsWAhkp6SEaDZZP","Modern Wool Rug","Amazon","storage","97.99","https://www.amazon.ca/s?k=Modern%20Wool%20Rug%20SwipeShop%20Studio%20rugs",""
"UJ6fbmZ3gwQKBgfYLLg8","Minimal Pendant Light","Amazon","lighting","89.99","https://www.amazon.ca/s?k=Minimal%20Pendant%20Light%20SwipeShop%20Studio%20Lighting",""
"UX2hJPJ7nSG8esrSTgHu","Minimal Console Table","Amazon","storage","129.99","https://www.amazon.ca/s?k=Minimal%20Console%20Table%20SwipeShop%20Studio%20Tables",""
"Umm1g8vYl7iP5NOnnQO0","Vintage Pattern Rug","Amazon","storage","109.99","https://www.amazon.ca/s?k=Vintage%20Pattern%20Rug%20SwipeShop%20Studio%20Rugs",""
"UueI1viRMI0Duzxpg3TM","Modern Stool","Amazon","storage","158.99","https://www.amazon.ca/s?k=Modern%20Stool%20SwipeShop%20Studio%20seating",""
"Uvao2qupXiHlzErPF5V5","Cozy Wool Rug","Amazon","storage","82.99","https://www.amazon.ca/s?k=Cozy%20Wool%20Rug%20SwipeShop%20Studio%20rugs",""
"VG0lk5f4d19OqMlNXoNL","Bold Table Lamp","Amazon","lighting","61.99","https://www.amazon.ca/s?k=Bold%20Table%20Lamp%20SwipeShop%20Studio%20lighting",""
"VHnuiH20ZBKw59LYPi1A","Neutral Side Table","Amazon","storage","144.99","https://www.amazon.ca/s?k=Neutral%20Side%20Table%20SwipeShop%20Studio%20tables",""
"VKvvkAi4r0pAkIsC59uh","Ceramic Vase (Kitchen Shelf)","Amazon","shelf-styling","24.99","https://www.amazon.ca/s?k=Ceramic%20Vase%20(Kitchen%20Shelf)%20SwipeShop%20Studio%20Kitchen%20Decor",""
"VhFIYKqZ8u1QxJdVadZc","Minimal Wool Rug","Amazon","storage","100.99","https://www.amazon.ca/s?k=Minimal%20Wool%20Rug%20SwipeShop%20Studio%20rugs",""
"VtFWEfuFumwsNuE4Awnx","Cozy Kitchen Decor","Amazon","storage","43.99","https://www.amazon.ca/s?k=Cozy%20Kitchen%20Decor%20SwipeShop%20Studio%20kitchen_decor",""
"W9aIYTCb8sKURxg2PKuP","Soft Console Table","Amazon","storage","141.99","https://www.amazon.ca/s?k=Soft%20Console%20Table%20SwipeShop%20Studio%20tables",""
"WQSpAGSEMNDaUZamhpwH","Modern Organizer","Amazon","storage","47.99","https://www.amazon.ca/s?k=Modern%20Organizer%20SwipeShop%20Studio%20storage",""
"WS9odWgps2KW2xmBqI0U","Bold Canvas Art","Amazon","wall-decor","51.99","https://www.amazon.ca/s?k=Bold%20Canvas%20Art%20SwipeShop%20Studio%20wall_art",""
"Wp5Hh4nwZWWDScLuEzhV","Bold Side Table","Amazon","storage","156.99","https://www.amazon.ca/s?k=Bold%20Side%20Table%20SwipeShop%20Studio%20tables",""
"XA63AfhZCwtHjx70onpA","Bold Accent Chair","Amazon","storage","170.99","https://www.amazon.ca/s?k=Bold%20Accent%20Chair%20SwipeShop%20Studio%20seating",""
"XENh1h4zqTwzlWVMUTwK","Bold Floor Lamp","Amazon","lighting","52.99","https://www.amazon.ca/s?k=Bold%20Floor%20Lamp%20SwipeShop%20Studio%20lighting",""
"XXsLWfKqrOe2XsE5prLK","Minimal Potted Plant","Amazon","plants","30.99","https://www.amazon.ca/s?k=Minimal%20Potted%20Plant%20SwipeShop%20Studio%20plants",""
"XZtwaNwm08Gj9ePWXNGp","Classic Accent Chair","Amazon","storage","167.99","https://www.amazon.ca/s?k=Classic%20Accent%20Chair%20SwipeShop%20Studio%20seating",""
"XbhDnglPmGeoP21oziIu","Round Wall Mirror","Amazon","mirrors","59.99","https://www.amazon.ca/s?k=Round%20Wall%20Mirror%20SwipeShop%20Studio%20Mirrors",""
"XgpUDXkN57NeAb4WKd0g","Minimal Wall Poster","Amazon","wall-decor","48.99","https://www.amazon.ca/s?k=Minimal%20Wall%20Poster%20SwipeShop%20Studio%20wall_art",""
"XnMHSot1mGpUfLEABAOD","Neutral Vanity Mirror","Amazon","mirrors","83.99","https://www.amazon.ca/s?k=Neutral%20Vanity%20Mirror%20SwipeShop%20Studio%20mirrors",""
"Y45emFk8pvBLwQTABzDs","Classic Floor Lamp","Amazon","lighting","58.99","https://www.amazon.ca/s?k=Classic%20Floor%20Lamp%20SwipeShop%20Studio%20lighting",""
"Y9DkeoFM4dJwiKRY0gqR","Classic Coffee Table","Amazon","storage","138.99","https://www.amazon.ca/s?k=Classic%20Coffee%20Table%20SwipeShop%20Studio%20tables",""
"YFoskHPJTgdUzqAAPLOs","Bouclé Accent Chair","Amazon","storage","229.99","https://www.amazon.ca/s?k=Boucl%C3%A9%20Accent%20Chair%20SwipeShop%20Studio%20Seating",""
"YMwZr5XmQ3QjU3tYIWTM","Ceramic Planter Set (2-pack)","Amazon","plants","29.99","https://www.amazon.ca/s?k=Ceramic%20Planter%20Set%20(2-pack)%20SwipeShop%20Studio%20Plants",""
"YRMa2MrpePewrUwK3QYJ","Cozy Bench","Amazon","storage","170.99","https://www.amazon.ca/s?k=Cozy%20Bench%20SwipeShop%20Studio%20seating",""
"YaMxxCu3DU7nuwsb5CVB","Minimal Wool Rug","Amazon","storage","100.99","https://www.amazon.ca/s?k=Minimal%20Wool%20Rug%20SwipeShop%20Studio%20rugs",""
"YecowXL6FuNdGwIwHEDH","Modern Potted Plant","Amazon","plants","39.99","https://www.amazon.ca/s?k=Modern%20Potted%20Plant%20SwipeShop%20Studio%20plants",""
"YkhHPWxGxKgxvqTUhTry","Cozy Wool Rug","Amazon","storage","100.99","https://www.amazon.ca/s?k=Cozy%20Wool%20Rug%20SwipeShop%20Studio%20rugs",""
"YmRxIaSGCenthPq7Y0uB","Bold Indoor Plant","Amazon","plants","24.99","https://www.amazon.ca/s?k=Bold%20Indoor%20Plant%20SwipeShop%20Studio%20plants",""
"Yq6OK3954O2FlRzjRKdC","Minimal Pillow Set (2-pack)","Amazon","cozy-bedroom","29.99","https://www.amazon.ca/s?k=Minimal%20Pillow%20Set%20(2-pack)%20SwipeShop%20Studio%20Bedding",""
"YtVL29nE6xDf7KoineFM","Cozy Duvet Set","Amazon","cozy-bedroom","81.99","https://www.amazon.ca/s?k=Cozy%20Duvet%20Set%20SwipeShop%20Studio%20bedding",""
"YvE475fCziRiv9Whxc85","Modern Console Table","Amazon","storage","153.99","https://www.amazon.ca/s?k=Modern%20Console%20Table%20SwipeShop%20Studio%20tables",""
"YvletTVSb4y2V93At3zs","Linen Duvet Set","Amazon","cozy-bedroom","119.99","https://www.amazon.ca/s?k=Linen%20Duvet%20Set%20SwipeShop%20Studio%20Bedding",""
"YwqJSZC0iyA1sVKSngLP","Minimal Stool","Amazon","storage","170.99","https://www.amazon.ca/s?k=Minimal%20Stool%20SwipeShop%20Studio%20seating",""
"YzwTNCZfBNm9d1jH361I","Minimal Sheet Set","Amazon","cozy-bedroom","81.99","https://www.amazon.ca/s?k=Minimal%20Sheet%20Set%20SwipeShop%20Studio%20bedding",""
"Z1hQqKQppIb2GvZf0WtZ","Modern Kitchen Decor","Amazon","storage","40.99","https://www.amazon.ca/s?k=Modern%20Kitchen%20Decor%20SwipeShop%20Studio%20kitchen_decor",""
"Z5IoBoU02qqJ5PB4FKxj","Classic Area Rug","Amazon","storage","79.99","https://www.amazon.ca/s?k=Classic%20Area%20Rug%20SwipeShop%20Studio%20rugs",""
"Z5bYHi3h9vXtvdLmqJHA","Modern Pendant Light","Amazon","lighting","49.99","https://www.amazon.ca/s?k=Modern%20Pendant%20Light%20SwipeShop%20Studio%20lighting",""
"ZDHJpHAXW7JRObMDAKxl","Faux Olive Tree","Amazon","plants","79.99","https://www.amazon.ca/s?k=Faux%20Olive%20Tree%20SwipeShop%20Studio%20Plants",""
"ZDyjaR2ecEf4Hiww79bo","Classic Serving Tray","Amazon","storage","37.99","https://www.amazon.ca/s?k=Classic%20Serving%20Tray%20SwipeShop%20Studio%20kitchen_decor",""
"ZHQQu0drsLfdbG1wVvTx","Modern Side Table","Amazon","storage","150.99","https://www.amazon.ca/s?k=Modern%20Side%20Table%20SwipeShop%20Studio%20tables",""
"ZMTZ9rPmPnW9rjvkcwkS","Bold Side Table","Amazon","storage","156.99","https://www.amazon.ca/s?k=Bold%20Side%20Table%20SwipeShop%20Studio%20tables",""
"ZOm6BmGTgOKLxR6wlZoo","Soft Area Rug","Amazon","storage","100.99","https://www.amazon.ca/s?k=Soft%20Area%20Rug%20SwipeShop%20Studio%20rugs",""
"ZTItaQCUe7vea3t8HFu6","Bold Canvas Art","Amazon","wall-decor","48.99","https://www.amazon.ca/s?k=Bold%20Canvas%20Art%20SwipeShop%20Studio%20wall_art",""
"ZcXP7VzpDRzm16uExeGj","Soft Organizer","Amazon","storage","53.99","https://www.amazon.ca/s?k=Soft%20Organizer%20SwipeShop%20Studio%20storage",""
"ZgYmLLJ39JJ8Rv2Suuis","Cozy Round Mirror","Amazon","mirrors","71.99","https://www.amazon.ca/s?k=Cozy%20Round%20Mirror%20SwipeShop%20Studio%20mirrors",""
"ZxIeNU5te8aBHeMNmbfY","Neutral Area Rug","Amazon","storage","79.99","https://www.amazon.ca/s?k=Neutral%20Area%20Rug%20SwipeShop%20Studio%20Rugs",""
"amZQpAM0J3fwFKjVvT8J","Minimal Bar Stool","Amazon","storage","89.99","https://www.amazon.ca/s?k=Minimal%20Bar%20Stool%20SwipeShop%20Studio%20Seating",""
"amazon_B06ZYH411W","Command Display Floating Wall Shelves Set","Amazon.ca","wall-decor","25.02","https://www.amazon.ca/dp/B06ZYH411W","B06ZYH411W"
"amazon_B07X9JQQZ1","MADIZZ Velvet Throw Pillow Covers Set of 2","Amazon.ca","cozy-bedroom","24.99","https://www.amazon.ca/dp/B07X9JQQZ1","B07X9JQQZ1"
"amazon_B07Y5HTRVD","Dahey Gold Hanging Round Wall Mirror","Amazon.ca","mirrors","22.99","https://www.amazon.ca/dp/B07Y5HTRVD","B07Y5HTRVD"
"amazon_B0848JGM78","COCODOR Flower Reed Diffuser Set White Jasmine","Amazon.ca","shelf-styling","27.99","https://www.amazon.ca/dp/B0848JGM78","B0848JGM78"
"amazon_B08CMJNDRY","LONGWIN Hanging Gold Circle Mirror","Amazon.ca","mirrors","32.99","https://www.amazon.ca/dp/B08CMJNDRY","B08CMJNDRY"
"amazon_B09183JKQ5","Neutral Farmhouse Pillow Covers Set of 4","Amazon.ca","cozy-bedroom","16.99","https://www.amazon.ca/dp/B09183JKQ5","B09183JKQ5"
"amazon_B09J1FKQL4","Tyawon Glass Flameless LED Candles Pack of 3","Amazon.ca","cozy-bedroom","29.69","https://www.amazon.ca/dp/B09J1FKQL4","B09J1FKQL4"
"amazon_B09S8W8HK8","Hbnlai 3-Bulb Propagation Station","Amazon.ca","shelf-styling","19.99","https://www.amazon.ca/dp/B09S8W8HK8","B09S8W8HK8"
"amazon_B09TZKJ5BG","CEMABT Donut Ceramic Vase","Amazon.ca","shelf-styling","16.99","https://www.amazon.ca/dp/B09TZKJ5BG","B09TZKJ5BG"
"amazon_B0BQ3N3HS1","CEMABT Ceramic Body Face Vase","Amazon.ca","shelf-styling","18.99","https://www.amazon.ca/dp/B0BQ3N3HS1","B0BQ3N3HS1"
"amazon_B0BW14CKJ3","OrganiHaus Fabric Storage Bins 3-Pack","Amazon.ca","storage","34.99","https://www.amazon.ca/dp/B0BW14CKJ3","B0BW14CKJ3"
"amazon_B0BWXXJZ32","PowerKing 2-Tier Desk Shelf Organizer","Amazon.ca","desk-setup","29.99","https://www.amazon.ca/dp/B0BWXXJZ32","B0BWXXJZ32"
"amazon_B0BXCSW7YV","Quzenu Black and White Boho Wall Art Set","Amazon.ca","wall-decor","24.73","https://www.amazon.ca/dp/B0BXCSW7YV","B0BXCSW7YV"
"amazon_B0BZ8DZV6D","Der Rose 3-Piece Mini Faux Succulent Set","Amazon.ca","plants","19.99","https://www.amazon.ca/dp/B0BZ8DZV6D","B0BZ8DZV6D"
"amazon_B0BZTT3MKR","EDISHINE Tripod Table Lamp","Amazon.ca","lighting","36.99","https://www.amazon.ca/dp/B0BZTT3MKR","B0BZTT3MKR"
"amazon_B0C27CF35D","StorageWorks Fabric Storage Bins 2-Pack","Amazon.ca","storage","27.35","https://www.amazon.ca/dp/B0C27CF35D","B0C27CF35D"
"amazon_B0C5M5HHQT","Lewondr Corduroy Throw Pillow Covers Set of 4","Amazon.ca","cozy-bedroom","24.99","https://www.amazon.ca/dp/B0C5M5HHQT","B0C5M5HHQT"
"amazon_B0C9MJ749Q","LUSHARBOR Battery Powered Table Lamp with Timer","Amazon.ca","lighting","29.99","https://www.amazon.ca/dp/B0C9MJ749Q","B0C9MJ749Q"
"amazon_B0CB7F7G6L","PowerKing White Wood Desk Shelf Organizer","Amazon.ca","desk-setup","25.99","https://www.amazon.ca/dp/B0CB7F7G6L","B0CB7F7G6L"
"amazon_B0CDLP9SQ3","CEREMONY Wooden Incense Holder with Glass Ash Catcher","Amazon.ca","shelf-styling","23.99","https://www.amazon.ca/dp/B0CDLP9SQ3","B0CDLP9SQ3"
"amazon_B0CSXLCL45","Home & Honor Mountain Canvas Wall Art Set","Amazon.ca","wall-decor","29.84","https://www.amazon.ca/dp/B0CSXLCL45","B0CSXLCL45"
"amazon_B0CXXD2TFZ","Der Rose 2-Piece Faux Hanging Plant Set","Amazon.ca","plants","26.99","https://www.amazon.ca/dp/B0CXXD2TFZ","B0CXXD2TFZ"
"amazon_B0D47BFZ2G","Bwodke Framed Neutral Abstract Wall Art Set","Amazon.ca","wall-decor","19.99","https://www.amazon.ca/dp/B0D47BFZ2G","B0D47BFZ2G"
"amazon_B0D5HWK1XD","HERCHR Bedside Table Lamp","Amazon.ca","lighting","22.39","https://www.amazon.ca/dp/B0D5HWK1XD","B0D5HWK1XD"
"amazon_B0D93DQZQD","Hbluefat 2-Tier Desktop Organizer Shelf","Amazon.ca","desk-setup","36.8","https://www.amazon.ca/dp/B0D93DQZQD","B0D93DQZQD"
"amazon_B0DDC6WXLN","Jukercici Collapsible Storage Baskets 2-Pack","Amazon.ca","storage","36.99","https://www.amazon.ca/dp/B0DDC6WXLN","B0DDC6WXLN"
"amazon_B0DFD4XCPB","HOMKOKO Small Storage Box with Handles","Amazon.ca","storage","21.49","https://www.amazon.ca/dp/B0DFD4XCPB","B0DFD4XCPB"
"amazon_B0DNLXG9NB","YCHMIR Small Round Wall Mirror","Amazon.ca","mirrors","21.99","https://www.amazon.ca/dp/B0DNLXG9NB","B0DNLXG9NB"
"amazon_B0F3J3R5J2","MODOJOART Framed Neutral Abstract Canvas Wall Art Set","Amazon.ca","wall-decor","39.91","https://www.amazon.ca/dp/B0F3J3R5J2","B0F3J3R5J2"
"amazon_B0F5HNF9DN","SEENSINY Rechargeable Cordless Touch Bedside Lamp","Amazon.ca","lighting","25.99","https://www.amazon.ca/dp/B0F5HNF9DN","B0F5HNF9DN"
"amazon_B0F93NDNTM","EDISHINE 13.4 Inch Wood Table Lamp","Amazon.ca","lighting","33.99","https://www.amazon.ca/dp/B0F93NDNTM","B0F93NDNTM"
"amazon_B0FDG5C999","MEKOTRIN Cordless Glass Bedside Table Lamp","Amazon.ca","lighting","35.99","https://www.amazon.ca/dp/B0FDG5C999","B0FDG5C999"
"amazon_B0FNN2B414","ESUNYD Candle Warmer Lamp with Timer","Amazon.ca","lighting","26.99","https://www.amazon.ca/dp/B0FNN2B414","B0FNN2B414"
"amazon_B0G8TGGTWG","Erosebridal Abstract Modern Black Beige Canvas Wall Art Set of 3","Amazon.ca","wall-decor","40.79","https://www.amazon.ca/dp/B0G8TGGTWG","B0G8TGGTWG"
"bBJcJFGmgEoE1ChtyAOn","Classic Planter","Amazon","plants","39.99","https://www.amazon.ca/s?k=Classic%20Planter%20SwipeShop%20Studio%20plants",""
"bEHvLMnTh6jJz5nHgSmx","Modern Bench","Amazon","storage","152.99","https://www.amazon.ca/s?k=Modern%20Bench%20SwipeShop%20Studio%20seating",""
"baEYmrocQmXI8mfbLPN9","Cozy Organizer","Amazon","storage","29.99","https://www.amazon.ca/s?k=Cozy%20Organizer%20SwipeShop%20Studio%20storage",""
"bcTlOJGTwTXk9TN5CC45","Classic Wall Poster","Amazon","wall-decor","48.99","https://www.amazon.ca/s?k=Classic%20Wall%20Poster%20SwipeShop%20Studio%20wall_art",""
"c2C0u6TEnrNktMtkOb9r","Minimal Kitchen Decor","Amazon","storage","34.99","https://www.amazon.ca/s?k=Minimal%20Kitchen%20Decor%20SwipeShop%20Studio%20kitchen_decor",""
"cIeVJ9mW3iuC1cYdJySU","Neutral Wall Poster","Amazon","wall-decor","54.99","https://www.amazon.ca/s?k=Neutral%20Wall%20Poster%20SwipeShop%20Studio%20wall_art",""
"cSW416UVLkW9wB19XOUt","Bold Kitchen Decor","Amazon","storage","28.99","https://www.amazon.ca/s?k=Bold%20Kitchen%20Decor%20SwipeShop%20Studio%20kitchen_decor",""
"cTqVOpeH2ayJtf2x2NIb","Classic Coffee Table","Amazon","storage","144.99","https://www.amazon.ca/s?k=Classic%20Coffee%20Table%20SwipeShop%20Studio%20tables",""
"d6RzYbC7Z8zDipGVHd0I","Minimal Potted Plant","Amazon","plants","48.99","https://www.amazon.ca/s?k=Minimal%20Potted%20Plant%20SwipeShop%20Studio%20plants",""
"dE2oETI1TWhenrj8nSqF","Minimal Table Lamp","Amazon","lighting","52.99","https://www.amazon.ca/s?k=Minimal%20Table%20Lamp%20SwipeShop%20Studio%20lighting",""
"dJJLDx6BcOxxyI5ShA6R","Cozy Throw Blanket","Amazon","cozy-bedroom","39.99","https://www.amazon.ca/s?k=Cozy%20Throw%20Blanket%20SwipeShop%20Studio%20Bedding",""
"dLvA7L7anaF7FT6o98aX","Cozy Indoor Plant","Amazon","plants","45.99","https://www.amazon.ca/s?k=Cozy%20Indoor%20Plant%20SwipeShop%20Studio%20plants",""
"dSpIxVadZkNOfoU6ZOny","Soft Area Rug","Amazon","storage","100.99","https://www.amazon.ca/s?k=Soft%20Area%20Rug%20SwipeShop%20Studio%20rugs",""
"dVsxPh8k9RHP71k2kLAv","Neutral Ceramic Set","Amazon","storage","43.99","https://www.amazon.ca/s?k=Neutral%20Ceramic%20Set%20SwipeShop%20Studio%20kitchen_decor",""
"djCJPyOs5GB8tpqx4XNo","Cozy Indoor Plant","Amazon","plants","45.99","https://www.amazon.ca/s?k=Cozy%20Indoor%20Plant%20SwipeShop%20Studio%20plants",""
"e92apQTJxx6KcFPBAHoR","Modern Accent Chair","Amazon","storage","164.99","https://www.amazon.ca/s?k=Modern%20Accent%20Chair%20SwipeShop%20Studio%20seating",""
"eYinwcQCMN8hJ3KtmVj6","Modern Organizer","Amazon","storage","47.99","https://www.amazon.ca/s?k=Modern%20Organizer%20SwipeShop%20Studio%20storage",""
"ehiiXoBlePcrdKXD8UDe","Bold Framed Print","Amazon","wall-decor","63.99","https://www.amazon.ca/s?k=Bold%20Framed%20Print%20SwipeShop%20Studio%20wall_art",""
"eiD5VtLMP1w0FsuRPvKl","Cozy Serving Tray","Amazon","storage","43.99","https://www.amazon.ca/s?k=Cozy%20Serving%20Tray%20SwipeShop%20Studio%20kitchen_decor",""
"evUTMN0Gr1tHHnx9KVEb","Neutral Pendant Light","Amazon","lighting","64.99","https://www.amazon.ca/s?k=Neutral%20Pendant%20Light%20SwipeShop%20Studio%20lighting",""
"exYAmdurg6SHcD8lW5rZ","Classic Wall Poster","Amazon","wall-decor","45.99","https://www.amazon.ca/s?k=Classic%20Wall%20Poster%20SwipeShop%20Studio%20wall_art",""
"ezHm8QS7zTYU0j7RaAEn","Cozy Coffee Table","Amazon","storage","144.99","https://www.amazon.ca/s?k=Cozy%20Coffee%20Table%20SwipeShop%20Studio%20tables",""
"f8TK3P82TTGRLJ2Njbfi","Soft Framed Print","Amazon","wall-decor","66.99","https://www.amazon.ca/s?k=Soft%20Framed%20Print%20SwipeShop%20Studio%20wall_art",""
"fAg3kZD0krl9DWXkbOJ1","Modern Ceramic Set","Amazon","storage","25.99","https://www.amazon.ca/s?k=Modern%20Ceramic%20Set%20SwipeShop%20Studio%20kitchen_decor",""
"fCKgia0uU8LnURx0JZn7","Modern Potted Plant","Amazon","plants","39.99","https://www.amazon.ca/s?k=Modern%20Potted%20Plant%20SwipeShop%20Studio%20plants",""
"fCng9Vx9Z3UbbHYNi6Iw","Classic Stool","Amazon","storage","152.99","https://www.amazon.ca/s?k=Classic%20Stool%20SwipeShop%20Studio%20seating",""
"fDIge9NJQe5hbLkOOkk0","Bold Kitchen Decor","Amazon","storage","40.99","https://www.amazon.ca/s?k=Bold%20Kitchen%20Decor%20SwipeShop%20Studio%20kitchen_decor",""
"fNN2SOFYrI2xTCnC0C3K","Minimal Area Rug","Amazon","storage","91.99","https://www.amazon.ca/s?k=Minimal%20Area%20Rug%20SwipeShop%20Studio%20rugs",""
"fWCu6PC8N2Pl7RkGJ8IU","Neutral Framed Print","Amazon","wall-decor","39.99","https://www.amazon.ca/s?k=Neutral%20Framed%20Print%20SwipeShop%20Studio%20wall_art",""
"fadPUZmlsokUDSNv2lER","Modern Wool Rug","Amazon","storage","91.99","https://www.amazon.ca/s?k=Modern%20Wool%20Rug%20SwipeShop%20Studio%20rugs",""
"fkBiKSOe3b8ZmdODYORl","Classic Round Mirror","Amazon","mirrors","65.99","https://www.amazon.ca/s?k=Classic%20Round%20Mirror%20SwipeShop%20Studio%20mirrors",""
"fm0wO52Yq9SfBf7s6C6G","Bold Duvet Set","Amazon","cozy-bedroom","84.99","https://www.amazon.ca/s?k=Bold%20Duvet%20Set%20SwipeShop%20Studio%20bedding",""
"fsIp7mcV3guTdDuZRsC6","Cozy Wall Poster","Amazon","wall-decor","63.99","https://www.amazon.ca/s?k=Cozy%20Wall%20Poster%20SwipeShop%20Studio%20wall_art",""
"fvSvoYHs4RW3kJOpi3uD","Classic Planter","Amazon","plants","45.99","https://www.amazon.ca/s?k=Classic%20Planter%20SwipeShop%20Studio%20plants",""
"fypdZDGOB9Tf2R429oTb","Soft Table Lamp","Amazon","lighting","73.99","https://www.amazon.ca/s?k=Soft%20Table%20Lamp%20SwipeShop%20Studio%20lighting",""
"gMOhJXi13l71tuAqNWfa","Minimal Bar Stool","Amazon","storage","89.99","https://www.amazon.ca/s?k=Minimal%20Bar%20Stool%20SwipeShop%20Studio%20Seating",""
"gmgVpmsOPqtsGXiHMhMH","Cozy Pillow Set","Amazon","cozy-bedroom","69.99","https://www.amazon.ca/s?k=Cozy%20Pillow%20Set%20SwipeShop%20Studio%20bedding",""
"goK3cJM1yFsHpeRVuPH7","Classic Planter","Amazon","plants","45.99","https://www.amazon.ca/s?k=Classic%20Planter%20SwipeShop%20Studio%20plants",""
"gqdVaZuwzQBv2APnUjHZ","Minimal Round Mirror","Amazon","mirrors","68.99","https://www.amazon.ca/s?k=Minimal%20Round%20Mirror%20SwipeShop%20Studio%20mirrors",""
"h4HaZTwUImEqrxZvFnsY","Arched Mirror","Amazon","mirrors","109.99","https://www.amazon.ca/s?k=Arched%20Mirror%20SwipeShop%20Studio%20Mirrors",""
"h4MgW7vY86kEVlsq86NC","Ceramic Planter Set (2-pack)","Amazon","plants","29.99","https://www.amazon.ca/s?k=Ceramic%20Planter%20Set%20(2-pack)%20SwipeShop%20Studio%20Plants",""
"hClbsMUN6VzxFFqMl7OM","Soft Serving Tray","Amazon","storage","46.99","https://www.amazon.ca/s?k=Soft%20Serving%20Tray%20SwipeShop%20Studio%20kitchen_decor",""
"hPSW87SjLMTvm4rK6uES","Cozy Pillow Set","Amazon","cozy-bedroom","69.99","https://www.amazon.ca/s?k=Cozy%20Pillow%20Set%20SwipeShop%20Studio%20bedding",""
"hgYPCqdL2GNdNrpducoh","Bold Console Table","Amazon","storage","153.99","https://www.amazon.ca/s?k=Bold%20Console%20Table%20SwipeShop%20Studio%20tables",""
"hvZH5FPxw5aVhaRbDXf6","Ceramic Vase (Kitchen Shelf)","Amazon","shelf-styling","24.99","https://www.amazon.ca/s?k=Ceramic%20Vase%20(Kitchen%20Shelf)%20SwipeShop%20Studio%20Kitchen%20Decor",""
"i8u5l11SH07cIjZM9fPv","Soft Planter","Amazon","plants","42.99","https://www.amazon.ca/s?k=Soft%20Planter%20SwipeShop%20Studio%20plants",""
"iAQnKjN1USV0ZZRG7Fyo","Modern Stool","Amazon","storage","161.99","https://www.amazon.ca/s?k=Modern%20Stool%20SwipeShop%20Studio%20seating",""
"iDJYYD0yYoGqEVnk2x5i","Bold Sheet Set","Amazon","cozy-bedroom","93.99","https://www.amazon.ca/s?k=Bold%20Sheet%20Set%20SwipeShop%20Studio%20bedding",""
"iPdmTP3FQATwWPwNlXd4","Minimal Kitchen Decor","Amazon","storage","31.99","https://www.amazon.ca/s?k=Minimal%20Kitchen%20Decor%20SwipeShop%20Studio%20kitchen_decor",""
"iSLbK0APbL2ClB8p7Lpn","Soft Coffee Table","Amazon","storage","147.99","https://www.amazon.ca/s?k=Soft%20Coffee%20Table%20SwipeShop%20Studio%20tables",""
"iY3yCH7AFRM56AqBZ641","Full Length Mirror","Amazon","mirrors","89.99","https://www.amazon.ca/s?k=Full%20Length%20Mirror%20SwipeShop%20Studio%20Mirrors",""
"iezzTOe7FzWDQ6P1AtZu","Classic Floor Lamp","Amazon","lighting","58.99","https://www.amazon.ca/s?k=Classic%20Floor%20Lamp%20SwipeShop%20Studio%20lighting",""
"iiqupkXqIvwntpy6QTjM","Soft Storage Basket","Amazon","storage","41.99","https://www.amazon.ca/s?k=Soft%20Storage%20Basket%20SwipeShop%20Studio%20storage",""
"itT0wBkCb2u0Ee3g7Gkp","Neutral Shelf Unit","Amazon","storage","56.99","https://www.amazon.ca/s?k=Neutral%20Shelf%20Unit%20SwipeShop%20Studio%20storage",""
"j5xKjplgJMXR46MMZwM9","Soft Wool Rug","Amazon","storage","97.99","https://www.amazon.ca/s?k=Soft%20Wool%20Rug%20SwipeShop%20Studio%20rugs",""
"j660fIjW9s5KXc6Oq82W","Bold Console Table","Amazon","storage","138.99","https://www.amazon.ca/s?k=Bold%20Console%20Table%20SwipeShop%20Studio%20tables",""
"jLedbnsbpiTFlpfcthUi","Classic Console Table","Amazon","storage","138.99","https://www.amazon.ca/s?k=Classic%20Console%20Table%20SwipeShop%20Studio%20tables",""
"jMLLs94urvkN3RH7Ycgr","Arc Floor Lamp","Amazon","lighting","129.99","https://www.amazon.ca/s?k=Arc%20Floor%20Lamp%20SwipeShop%20Studio%20Lighting",""
"jNGlFh5uBpPh86Q3etwe","Modern Framed Print","Amazon","wall-decor","60.99","https://www.amazon.ca/s?k=Modern%20Framed%20Print%20SwipeShop%20Studio%20wall_art",""
"jUv8CgnOD9CDqMFaokS5","Soft Floor Lamp","Amazon","lighting","73.99","https://www.amazon.ca/s?k=Soft%20Floor%20Lamp%20SwipeShop%20Studio%20lighting",""
"jWrPWKtOd9Qnmp3sU8L9","Modern Wool Rug","Amazon","storage","103.99","https://www.amazon.ca/s?k=Modern%20Wool%20Rug%20SwipeShop%20Studio%20rugs",""
"jbClP7bczM4DOCn8E4aN","Classic Duvet Set","Amazon","cozy-bedroom","84.99","https://www.amazon.ca/s?k=Classic%20Duvet%20Set%20SwipeShop%20Studio%20bedding",""
"k3Ioxuhn51vAJsBYguXt","Minimal Organizer","Amazon","storage","41.99","https://www.amazon.ca/s?k=Minimal%20Organizer%20SwipeShop%20Studio%20storage",""
"k47aOiIE7dctCAU01BY8","Classic Bench","Amazon","storage","149.99","https://www.amazon.ca/s?k=Classic%20Bench%20SwipeShop%20Studio%20seating",""
"kCQ4Q2GVoduhk29LsDP2","Classic Sheet Set","Amazon","cozy-bedroom","90.99","https://www.amazon.ca/s?k=Classic%20Sheet%20Set%20SwipeShop%20Studio%20bedding",""
"kG3PZmNUSqsx9ciUoNW9","Neutral Round Mirror","Amazon","mirrors","62.99","https://www.amazon.ca/s?k=Neutral%20Round%20Mirror%20SwipeShop%20Studio%20mirrors",""
"kNFWNHAjH8daLLEsXICN","Bold Accent Chair","Amazon","storage","158.99","https://www.amazon.ca/s?k=Bold%20Accent%20Chair%20SwipeShop%20Studio%20seating",""
"kNmzszpZV4SokIsUH9hM","Modern Vanity Mirror","Amazon","mirrors","59.99","https://www.amazon.ca/s?k=Modern%20Vanity%20Mirror%20SwipeShop%20Studio%20mirrors",""
"kTaKM8yAKop6kZnx2dV3","Modern Table Lamp","Amazon","lighting","49.99","https://www.amazon.ca/s?k=Modern%20Table%20Lamp%20SwipeShop%20Studio%20Lighting",""
"kgEoasLlGQxjOyb2CYhw","Cozy Stool","Amazon","storage","164.99","https://www.amazon.ca/s?k=Cozy%20Stool%20SwipeShop%20Studio%20seating",""
"kmL0H2D3D7Z5yk4fJPpq","Arched Mirror","Amazon","mirrors","109.99","https://www.amazon.ca/s?k=Arched%20Mirror%20SwipeShop%20Studio%20Mirrors",""
"kqxsKI3sdZTbMxF85lFB","Minimal Vanity Mirror","Amazon","mirrors","86.99","https://www.amazon.ca/s?k=Minimal%20Vanity%20Mirror%20SwipeShop%20Studio%20mirrors",""
"lOWsSSqKZlMjJUuIC695","Bold Planter","Amazon","plants","36.99","https://www.amazon.ca/s?k=Bold%20Planter%20SwipeShop%20Studio%20plants",""
"lcffrHXY5bxLlWlUrMbp","Modern Pendant Light","Amazon","lighting","55.99","https://www.amazon.ca/s?k=Modern%20Pendant%20Light%20SwipeShop%20Studio%20lighting",""
"lptByxWriF8nlfD96WOl","Classic Bench","Amazon","storage","161.99","https://www.amazon.ca/s?k=Classic%20Bench%20SwipeShop%20Studio%20seating",""
"lq03ExezvsstV7xEncDi","Minimal Floor Lamp","Amazon","lighting","61.99","https://www.amazon.ca/s?k=Minimal%20Floor%20Lamp%20SwipeShop%20Studio%20lighting",""
"m6QAYBAoRJQvautJGjkY","Minimal Canister Set","Amazon","storage","34.99","https://www.amazon.ca/s?k=Minimal%20Canister%20Set%20SwipeShop%20Studio%20Kitchen%20Decor",""
"mECvboGyuc354xPDC4gz","Neutral Side Table","Amazon","storage","156.99","https://www.amazon.ca/s?k=Neutral%20Side%20Table%20SwipeShop%20Studio%20tables",""
"mFN9Nw5rpq0IQBd4YEwI","Minimal Pendant Light","Amazon","lighting","58.99","https://www.amazon.ca/s?k=Minimal%20Pendant%20Light%20SwipeShop%20Studio%20lighting",""
"mIDeP8qDIk6XYJGXsJJn","Neutral Planter","Amazon","plants","33.99","https://www.amazon.ca/s?k=Neutral%20Planter%20SwipeShop%20Studio%20plants",""
"mIvsTTucnzIYIF6YuaW0","Minimal Round Mirror","Amazon","mirrors","59.99","https://www.amazon.ca/s?k=Minimal%20Round%20Mirror%20SwipeShop%20Studio%20mirrors",""
"mK2XYsW8heUc0R00ZeMB","Minimal Stool","Amazon","storage","161.99","https://www.amazon.ca/s?k=Minimal%20Stool%20SwipeShop%20Studio%20seating",""
"mVQR5GjTJi3AJ4EoxIoh","Soft Sheet Set","Amazon","cozy-bedroom","75.99","https://www.amazon.ca/s?k=Soft%20Sheet%20Set%20SwipeShop%20Studio%20bedding",""
"mYvYBKV813h3gkWQAfyA","Modern Wall Mirror","Amazon","mirrors","80.99","https://www.amazon.ca/s?k=Modern%20Wall%20Mirror%20SwipeShop%20Studio%20mirrors",""
"mjeNC3o1wliIYiOmMjqh","Modern Table Lamp","Amazon","lighting","58.99","https://www.amazon.ca/s?k=Modern%20Table%20Lamp%20SwipeShop%20Studio%20lighting",""
"mvPRDTn6IsO4iXZEjiQY","Classic Sheet Set","Amazon","cozy-bedroom","75.99","https://www.amazon.ca/s?k=Classic%20Sheet%20Set%20SwipeShop%20Studio%20bedding",""
"n7CixAyzX7ApsDEarXMx","Cozy Framed Print","Amazon","wall-decor","48.99","https://www.amazon.ca/s?k=Cozy%20Framed%20Print%20SwipeShop%20Studio%20wall_art",""
"nLo9o6x6y2jkZU7ujQnf","Bold Area Rug","Amazon","storage","106.99","https://www.amazon.ca/s?k=Bold%20Area%20Rug%20SwipeShop%20Studio%20rugs",""
"nu9kOptvs4WUH4NquOBh","Cozy Sheet Set","Amazon","cozy-bedroom","84.99","https://www.amazon.ca/s?k=Cozy%20Sheet%20Set%20SwipeShop%20Studio%20bedding",""
"nxz00imXbyok2gm230LZ","Cozy Vanity Mirror","Amazon","mirrors","62.99","https://www.amazon.ca/s?k=Cozy%20Vanity%20Mirror%20SwipeShop%20Studio%20mirrors",""
"nyLBIxbTpxtUzI9TQNpQ","Minimal Indoor Plant","Amazon","plants","45.99","https://www.amazon.ca/s?k=Minimal%20Indoor%20Plant%20SwipeShop%20Studio%20plants",""
"o2hAe9TlzqEvU2gDVIdo","Classic Bench","Amazon","storage","176.99","https://www.amazon.ca/s?k=Classic%20Bench%20SwipeShop%20Studio%20seating",""
"oCIOqIGeOwgWDBHjgFIT","Bold Duvet Set","Amazon","cozy-bedroom","90.99","https://www.amazon.ca/s?k=Bold%20Duvet%20Set%20SwipeShop%20Studio%20bedding",""
"oCf3DkyrDJOHY4B4yDFp","Soft Storage Basket","Amazon","storage","32.99","https://www.amazon.ca/s?k=Soft%20Storage%20Basket%20SwipeShop%20Studio%20storage",""
"oT5E2kxygOQJkiS0tMbt","Neutral Planter","Amazon","plants","27.99","https://www.amazon.ca/s?k=Neutral%20Planter%20SwipeShop%20Studio%20plants",""
"oVugwD7FWV0cRgzscTk9","Bold Floor Lamp","Amazon","lighting","58.99","https://www.amazon.ca/s?k=Bold%20Floor%20Lamp%20SwipeShop%20Studio%20lighting",""
"oXy0jFymiEQRSPlSwZy6","Neutral Area Rug","Amazon","storage","82.99","https://www.amazon.ca/s?k=Neutral%20Area%20Rug%20SwipeShop%20Studio%20rugs",""
"oZAbog7OScIwskEvwGfu","Modern Stool","Amazon","storage","167.99","https://www.amazon.ca/s?k=Modern%20Stool%20SwipeShop%20Studio%20seating",""
"oc5cA7dxEVFJRFFKRgS4","Modern Side Table","Amazon","storage","156.99","https://www.amazon.ca/s?k=Modern%20Side%20Table%20SwipeShop%20Studio%20tables",""
"oonOKl2FYHBjlZO9rjP5","Minimal Wall Mirror","Amazon","mirrors","86.99","https://www.amazon.ca/s?k=Minimal%20Wall%20Mirror%20SwipeShop%20Studio%20mirrors",""
"p0mgBVXaPwmrRSIBdWBb","Bold Bench","Amazon","storage","161.99","https://www.amazon.ca/s?k=Bold%20Bench%20SwipeShop%20Studio%20seating",""
"p7QaKRQuSUas16wLF9qi","Minimal Pendant Light","Amazon","lighting","89.99","https://www.amazon.ca/s?k=Minimal%20Pendant%20Light%20SwipeShop%20Studio%20Lighting",""
"pHu8wW1kQ7rcbbmhkxOh","Modern Pillow Set","Amazon","cozy-bedroom","69.99","https://www.amazon.ca/s?k=Modern%20Pillow%20Set%20SwipeShop%20Studio%20bedding",""
"pPyYSqJByrNTJPDth9qo","Neutral Console Table","Amazon","storage","135.99","https://www.amazon.ca/s?k=Neutral%20Console%20Table%20SwipeShop%20Studio%20tables",""
"pSEPGqygx8W1Xzr0KciF","Minimal Planter","Amazon","plants","36.99","https://www.amazon.ca/s?k=Minimal%20Planter%20SwipeShop%20Studio%20plants",""
"pUM1CSL93ew4mDxqiwQF","Modern Table Lamp","Amazon","lighting","67.99","https://www.amazon.ca/s?k=Modern%20Table%20Lamp%20SwipeShop%20Studio%20lighting",""
"pWmcfHd54WF1iPy6H6j5","Cozy Console Table","Amazon","storage","132.99","https://www.amazon.ca/s?k=Cozy%20Console%20Table%20SwipeShop%20Studio%20tables",""
"pZgsXhD1xtHc9OzeuXx1","Neutral Area Rug","Amazon","storage","79.99","https://www.amazon.ca/s?k=Neutral%20Area%20Rug%20SwipeShop%20Studio%20Rugs",""
"pawLTvHRUNWaDT3y9nZR","Soft Pendant Light","Amazon","lighting","64.99","https://www.amazon.ca/s?k=Soft%20Pendant%20Light%20SwipeShop%20Studio%20lighting",""
"pfUZW5aBH96RitbGB8qa","Cozy Bench","Amazon","storage","152.99","https://www.amazon.ca/s?k=Cozy%20Bench%20SwipeShop%20Studio%20seating",""
"pgHv0X2IkFFJck1sZuna","Cozy Canvas Art","Amazon","wall-decor","66.99","https://www.amazon.ca/s?k=Cozy%20Canvas%20Art%20SwipeShop%20Studio%20wall_art",""
"preakj797TXCmq0dhGRO","Abstract Canvas Print","Amazon","wall-decor","39.99","https://www.amazon.ca/s?k=Abstract%20Canvas%20Print%20SwipeShop%20Studio%20Wall%20Art",""
"pwl74qVhsbb3TF0B2KB4","Bold Indoor Plant","Amazon","plants","33.99","https://www.amazon.ca/s?k=Bold%20Indoor%20Plant%20SwipeShop%20Studio%20plants",""
"pyawCnDtBZfYEPXb8tKQ","Neutral Duvet Set","Amazon","cozy-bedroom","87.99","https://www.amazon.ca/s?k=Neutral%20Duvet%20Set%20SwipeShop%20Studio%20bedding",""
"q1vKaqkFam60f0CNhgn4","Cozy Throw Blanket","Amazon","cozy-bedroom","39.99","https://www.amazon.ca/s?k=Cozy%20Throw%20Blanket%20SwipeShop%20Studio%20Bedding",""
"q56kUUA6smXy7lOyuCHI","Soft Canvas Art","Amazon","wall-decor","57.99","https://www.amazon.ca/s?k=Soft%20Canvas%20Art%20SwipeShop%20Studio%20wall_art",""
"qb5Zv4DHwWkhWtxOhnU9","Minimal Ceramic Set","Amazon","storage","22.99","https://www.amazon.ca/s?k=Minimal%20Ceramic%20Set%20SwipeShop%20Studio%20kitchen_decor",""
"qhrS6WY8NksMJsPK3833","Cozy Potted Plant","Amazon","plants","24.99","https://www.amazon.ca/s?k=Cozy%20Potted%20Plant%20SwipeShop%20Studio%20plants",""
"qyCE78k5t65imFonqNgd","Bold Wall Mirror","Amazon","mirrors","65.99","https://www.amazon.ca/s?k=Bold%20Wall%20Mirror%20SwipeShop%20Studio%20mirrors",""
"r4ey0vdEGwckjUEBM6QL","Arc Floor Lamp","Amazon","lighting","129.99","https://www.amazon.ca/s?k=Arc%20Floor%20Lamp%20SwipeShop%20Studio%20Lighting",""
"rFBatjZVN98Q24F4LLeL","Bold Wall Mirror","Amazon","mirrors","83.99","https://www.amazon.ca/s?k=Bold%20Wall%20Mirror%20SwipeShop%20Studio%20mirrors",""
"rFOJ2ltaC5V4V3u6GuBY","Neutral Organizer","Amazon","storage","53.99","https://www.amazon.ca/s?k=Neutral%20Organizer%20SwipeShop%20Studio%20storage",""
"rLioOfyazsay4L1Vq2hx","Modern Storage Basket","Amazon","storage","32.99","https://www.amazon.ca/s?k=Modern%20Storage%20Basket%20SwipeShop%20Studio%20storage",""
"rVsYdR2MgFKJ7JeT8jrM","Minimal Indoor Plant","Amazon","plants","36.99","https://www.amazon.ca/s?k=Minimal%20Indoor%20Plant%20SwipeShop%20Studio%20plants",""
"rat1FuLonn1lbEHHuUw0","Soft Storage Basket","Amazon","storage","38.99","https://www.amazon.ca/s?k=Soft%20Storage%20Basket%20SwipeShop%20Studio%20storage",""
"rcRRaBSPgP77hVHGbwNT","Bold Stool","Amazon","storage","161.99","https://www.amazon.ca/s?k=Bold%20Stool%20SwipeShop%20Studio%20seating",""
"rzv3rhrJBNhvBDH72X9U","Soft Coffee Table","Amazon","storage","129.99","https://www.amazon.ca/s?k=Soft%20Coffee%20Table%20SwipeShop%20Studio%20tables",""
"s8HtgAJI3uU4YqrQqbha","Minimal Pendant Light","Amazon","lighting","58.99","https://www.amazon.ca/s?k=Minimal%20Pendant%20Light%20SwipeShop%20Studio%20lighting",""
"s9BJGctrmU3MyJDFxRV1","Cozy Pendant Light","Amazon","lighting","55.99","https://www.amazon.ca/s?k=Cozy%20Pendant%20Light%20SwipeShop%20Studio%20lighting",""
"sANdiIo70GH6BVcC8qAe","Cozy Ceramic Set","Amazon","storage","19.99","https://www.amazon.ca/s?k=Cozy%20Ceramic%20Set%20SwipeShop%20Studio%20kitchen_decor",""
"sERKbObzmbs2WN1Ix4t7","Classic Potted Plant","Amazon","plants","42.99","https://www.amazon.ca/s?k=Classic%20Potted%20Plant%20SwipeShop%20Studio%20plants",""
"sLpsQM4uiaCCg5hAs7Gl","Cozy Area Rug","Amazon","storage","79.99","https://www.amazon.ca/s?k=Cozy%20Area%20Rug%20SwipeShop%20Studio%20rugs",""
"sMgGuRdP9c73ZDmyE1yH","Bold Storage Basket","Amazon","storage","38.99","https://www.amazon.ca/s?k=Bold%20Storage%20Basket%20SwipeShop%20Studio%20storage",""
"sOHUweYkXxmWSYXgbm2K","Bold Sheet Set","Amazon","cozy-bedroom","72.99","https://www.amazon.ca/s?k=Bold%20Sheet%20Set%20SwipeShop%20Studio%20bedding",""
"sP3kiqrG2HmbbCtAaRZl","Modern Area Rug","Amazon","storage","79.99","https://www.amazon.ca/s?k=Modern%20Area%20Rug%20SwipeShop%20Studio%20rugs",""
"sVkArHgJvrnV6rCM9hj0","Modern Sheet Set","Amazon","cozy-bedroom","81.99","https://www.amazon.ca/s?k=Modern%20Sheet%20Set%20SwipeShop%20Studio%20bedding",""
"sYmll7EQo7mMb2QZOWt7","Cozy Area Rug","Amazon","storage","106.99","https://www.amazon.ca/s?k=Cozy%20Area%20Rug%20SwipeShop%20Studio%20rugs",""
"scISFn5t8HSLHJv82B3q","Bold Shelf Unit","Amazon","storage","44.99","https://www.amazon.ca/s?k=Bold%20Shelf%20Unit%20SwipeShop%20Studio%20storage",""
"sccjktQWpZ8nbLNm9bqT","Modern Kitchen Decor","Amazon","storage","25.99","https://www.amazon.ca/s?k=Modern%20Kitchen%20Decor%20SwipeShop%20Studio%20kitchen_decor",""
"sy6tlCb2EAEsgxs9KWxN","Bold Table Lamp","Amazon","lighting","70.99","https://www.amazon.ca/s?k=Bold%20Table%20Lamp%20SwipeShop%20Studio%20lighting",""
"tCCyfzcrnCNB8B6XHrix","Minimal Vanity Mirror","Amazon","mirrors","71.99","https://www.amazon.ca/s?k=Minimal%20Vanity%20Mirror%20SwipeShop%20Studio%20mirrors",""
"tGRDTenCeUu5pwbXEoE0","Bold Serving Tray","Amazon","storage","46.99","https://www.amazon.ca/s?k=Bold%20Serving%20Tray%20SwipeShop%20Studio%20kitchen_decor",""
"tM5RRa4HzRppbVEjtIxy","Modern Console Table","Amazon","storage","135.99","https://www.amazon.ca/s?k=Modern%20Console%20Table%20SwipeShop%20Studio%20tables",""
"tRdGcHO8Tagk1KretSrq","Minimal Runner Rug","Amazon","storage","59.99","https://www.amazon.ca/s?k=Minimal%20Runner%20Rug%20SwipeShop%20Studio%20Rugs",""
"tUyiAW0vbnGXMt4ayoSI","Classic Floor Lamp","Amazon","lighting","61.99","https://www.amazon.ca/s?k=Classic%20Floor%20Lamp%20SwipeShop%20Studio%20lighting",""
"tW1GYdQcX0Be7nGj4z2u","Neutral Storage Basket","Amazon","storage","35.99","https://www.amazon.ca/s?k=Neutral%20Storage%20Basket%20SwipeShop%20Studio%20storage",""
"tkKf8JIQnRtCBVPdM29v","Bold Bench","Amazon","storage","167.99","https://www.amazon.ca/s?k=Bold%20Bench%20SwipeShop%20Studio%20seating",""
"tmOP0xt8ycjrdywkZorU","Classic Wool Rug","Amazon","storage","103.99","https://www.amazon.ca/s?k=Classic%20Wool%20Rug%20SwipeShop%20Studio%20rugs",""
"u0Lji1uGGXbie6wREWFE","Hanging Plant Pot","Amazon","plants","19.99","https://www.amazon.ca/s?k=Hanging%20Plant%20Pot%20SwipeShop%20Studio%20Plants",""
"uG8qhh6L11Uoouw8rFiU","Minimal Wall Poster","Amazon","wall-decor","45.99","https://www.amazon.ca/s?k=Minimal%20Wall%20Poster%20SwipeShop%20Studio%20wall_art",""
"uIX6VXuNCBtYbnLjDlxx","Neutral Round Mirror","Amazon","mirrors","68.99","https://www.amazon.ca/s?k=Neutral%20Round%20Mirror%20SwipeShop%20Studio%20mirrors",""
"uRPSChzx44qoTNZeSagW","Cozy Wool Rug","Amazon","storage","88.99","https://www.amazon.ca/s?k=Cozy%20Wool%20Rug%20SwipeShop%20Studio%20rugs",""
"uYgcAsx3j56LgusuiWOR","Modern Potted Plant","Amazon","plants","24.99","https://www.amazon.ca/s?k=Modern%20Potted%20Plant%20SwipeShop%20Studio%20plants",""
"uiPLoMbzmPgxpuIZXhSu","Landscape Poster","Amazon","wall-decor","24.99","https://www.amazon.ca/s?k=Landscape%20Poster%20SwipeShop%20Studio%20Wall%20Art",""
"v8oedKhtf675iGrJBMtL","Neutral Sheet Set","Amazon","cozy-bedroom","90.99","https://www.amazon.ca/s?k=Neutral%20Sheet%20Set%20SwipeShop%20Studio%20bedding",""
"vGFeJh440cdnN5JvDBQd","Minimal Pillow Set (2-pack)","Amazon","cozy-bedroom","29.99","https://www.amazon.ca/s?k=Minimal%20Pillow%20Set%20(2-pack)%20SwipeShop%20Studio%20Bedding",""
"vGQRe9Ksy7Oz2RFrbJkV","Neutral Coffee Table","Amazon","storage","156.99","https://www.amazon.ca/s?k=Neutral%20Coffee%20Table%20SwipeShop%20Studio%20tables",""
"vMmABeRc75sPqtMp1QXU","Cozy Console Table","Amazon","storage","147.99","https://www.amazon.ca/s?k=Cozy%20Console%20Table%20SwipeShop%20Studio%20tables",""
"vNNyRuaSlcSBXQfXCBkZ","Soft Table Lamp","Amazon","lighting","61.99","https://www.amazon.ca/s?k=Soft%20Table%20Lamp%20SwipeShop%20Studio%20lighting",""
"vW6Llo5GqZzBy7AQxIhe","Modern Planter","Amazon","plants","30.99","https://www.amazon.ca/s?k=Modern%20Planter%20SwipeShop%20Studio%20plants",""
"vfL6Z2lP04YHyJkfM03T","Modern Planter","Amazon","plants","42.99","https://www.amazon.ca/s?k=Modern%20Planter%20SwipeShop%20Studio%20plants",""
"vzDzTS7KLREZL4Mb9fro","Modern Canvas Art","Amazon","wall-decor","60.99","https://www.amazon.ca/s?k=Modern%20Canvas%20Art%20SwipeShop%20Studio%20wall_art",""
"vzaYMyv7WDx38RYnlzCv","Soft Ceramic Set","Amazon","storage","28.99","https://www.amazon.ca/s?k=Soft%20Ceramic%20Set%20SwipeShop%20Studio%20kitchen_decor",""
"wItmhgyblvmUxreQYvx5","Minimal Wall Poster","Amazon","wall-decor","54.99","https://www.amazon.ca/s?k=Minimal%20Wall%20Poster%20SwipeShop%20Studio%20wall_art",""
"wYxbKI42AbHzZIdTSIfh","Minimal Storage Basket","Amazon","storage","29.99","https://www.amazon.ca/s?k=Minimal%20Storage%20Basket%20SwipeShop%20Studio%20storage",""
"winh6yFGspDNq52cSlmv","Minimal Wool Rug","Amazon","storage","79.99","https://www.amazon.ca/s?k=Minimal%20Wool%20Rug%20SwipeShop%20Studio%20rugs",""
"wrnMxJOirYCplC9mDlGZ","Minimal Potted Plant","Amazon","plants","48.99","https://www.amazon.ca/s?k=Minimal%20Potted%20Plant%20SwipeShop%20Studio%20plants",""
"wrwXppMDRyvYNKUGF3Dc","Modern Coffee Table","Amazon","storage","150.99","https://www.amazon.ca/s?k=Modern%20Coffee%20Table%20SwipeShop%20Studio%20tables",""
"wu8SClbTAHqifTuFJwPl","Minimal Wool Rug","Amazon","storage","91.99","https://www.amazon.ca/s?k=Minimal%20Wool%20Rug%20SwipeShop%20Studio%20rugs",""
"x0GPhtgWlEug9tyXwfJc","Neutral Serving Tray","Amazon","storage","25.99","https://www.amazon.ca/s?k=Neutral%20Serving%20Tray%20SwipeShop%20Studio%20kitchen_decor",""
"x2QszWxaYW0c662SOFLI","Minimal Planter","Amazon","plants","36.99","https://www.amazon.ca/s?k=Minimal%20Planter%20SwipeShop%20Studio%20plants",""
"x4G9zOn0DLxg5bUZh84U","Minimal Pillow Set","Amazon","cozy-bedroom","90.99","https://www.amazon.ca/s?k=Minimal%20Pillow%20Set%20SwipeShop%20Studio%20bedding",""
"x79aYcOmmgWlVddIfXtg","Cozy Ceramic Set","Amazon","storage","40.99","https://www.amazon.ca/s?k=Cozy%20Ceramic%20Set%20SwipeShop%20Studio%20kitchen_decor",""
"xCERy6po4lnSq9rm7whk","Soft Pendant Light","Amazon","lighting","73.99","https://www.amazon.ca/s?k=Soft%20Pendant%20Light%20SwipeShop%20Studio%20lighting",""
"xHwbheirofCwBoM9w7G6","Bouclé Accent Chair","Amazon","storage","229.99","https://www.amazon.ca/s?k=Boucl%C3%A9%20Accent%20Chair%20SwipeShop%20Studio%20Seating",""
"xZeqhNkIx8yzKsqylGQI","Classic Planter","Amazon","plants","51.99","https://www.amazon.ca/s?k=Classic%20Planter%20SwipeShop%20Studio%20plants",""
"xzwiccDpXAPn7jwT1myF","Soft Round Mirror","Amazon","mirrors","71.99","https://www.amazon.ca/s?k=Soft%20Round%20Mirror%20SwipeShop%20Studio%20mirrors",""
"yATgVKs0uEXcmaxeTvMR","Modern Potted Plant","Amazon","plants","27.99","https://www.amazon.ca/s?k=Modern%20Potted%20Plant%20SwipeShop%20Studio%20plants",""
"yBsVBkfgGke9FwU94FGX","Cozy Potted Plant","Amazon","plants","24.99","https://www.amazon.ca/s?k=Cozy%20Potted%20Plant%20SwipeShop%20Studio%20plants",""
"yCCnJ1bgwI3PTw2oxwlH","Bold Accent Chair","Amazon","storage","161.99","https://www.amazon.ca/s?k=Bold%20Accent%20Chair%20SwipeShop%20Studio%20seating",""
"yDwH1pTrlRHaVGC7IEQO","Classic Coffee Table","Amazon","storage","144.99","https://www.amazon.ca/s?k=Classic%20Coffee%20Table%20SwipeShop%20Studio%20tables",""
"yEsGIyEAHZSoeV1dpETp","Cozy Storage Basket","Amazon","storage","53.99","https://www.amazon.ca/s?k=Cozy%20Storage%20Basket%20SwipeShop%20Studio%20storage",""
"yThK0SytqRGP5DRxakd3","Soft Wall Mirror","Amazon","mirrors","59.99","https://www.amazon.ca/s?k=Soft%20Wall%20Mirror%20SwipeShop%20Studio%20mirrors",""
"yWri0ZZxiTk9aQ30OqYJ","Minimal Planter","Amazon","plants","48.99","https://www.amazon.ca/s?k=Minimal%20Planter%20SwipeShop%20Studio%20plants",""
"ya7c3CRvsqi4RGmSQJbf","Bold Wall Poster","Amazon","wall-decor","39.99","https://www.amazon.ca/s?k=Bold%20Wall%20Poster%20SwipeShop%20Studio%20wall_art",""
"ygh4lF2A5fJSgK2Ot3Jp","Cozy Bench","Amazon","storage","170.99","https://www.amazon.ca/s?k=Cozy%20Bench%20SwipeShop%20Studio%20seating",""
"yhP6CWnsd2Td5N9BHpiN","Soft Runner Rug","Amazon","storage","82.99","https://www.amazon.ca/s?k=Soft%20Runner%20Rug%20SwipeShop%20Studio%20rugs",""
"yy8vYUaGNhu3pxcdQgfe","Cozy Wall Mirror","Amazon","mirrors","65.99","https://www.amazon.ca/s?k=Cozy%20Wall%20Mirror%20SwipeShop%20Studio%20mirrors",""
"zAbYeWU1XIf5wsbVEyf8","Neutral Floor Lamp","Amazon","lighting","73.99","https://www.amazon.ca/s?k=Neutral%20Floor%20Lamp%20SwipeShop%20Studio%20lighting",""
"zGqUWYezVgWdK5uWc8R0","Neutral Area Rug","Amazon","storage","79.99","https://www.amazon.ca/s?k=Neutral%20Area%20Rug%20Rugs",""
"zIX6l5idG78kzluiIJ2i","Modern Wall Mirror","Amazon","mirrors","68.99","https://www.amazon.ca/s?k=Modern%20Wall%20Mirror%20SwipeShop%20Studio%20mirrors",""
"zRt4RRfydDeROu5O6BXh","Cozy Storage Basket","Amazon","storage","47.99","https://www.amazon.ca/s?k=Cozy%20Storage%20Basket%20SwipeShop%20Studio%20storage",""
"zVRopeE5A3cQXMOv5SMJ","Soft Stool","Amazon","storage","149.99","https://www.amazon.ca/s?k=Soft%20Stool%20SwipeShop%20Studio%20seating",""
