id,title,merchant,asin,price,purchaseUrl,imageUrl
amazon_B0D47BFZ2G,Bwodke Framed Neutral Abstract Wall Art Set,Amazon.ca,B0D47BFZ2G,19.99,https://www.amazon.ca/dp/B0D47BFZ2G,https://m.media-amazon.com/images/I/71IPBcmKhZL._AC_SX679_.jpg
amazon_B0BQ3N3HS1,CEMABT Ceramic Body Face Vase,Amazon.ca,B0BQ3N3HS1,18.99,https://www.amazon.ca/dp/B0BQ3N3HS1,https://m.media-amazon.com/images/I/6161YWsMUkL._AC_SX679_.jpg
amazon_B09TZKJ5BG,CEMABT Donut Ceramic Vase,Amazon.ca,B09TZKJ5BG,16.99,https://www.amazon.ca/dp/B09TZKJ5BG,https://m.media-amazon.com/images/I/71y0wKJHZ0L._AC_SX679_.jpg
amazon_B0CDLP9SQ3,CEREMONY Wooden Incense Holder with Glass Ash Catcher,Amazon.ca,B0CDLP9SQ3,23.99,https://www.amazon.ca/dp/B0CDLP9SQ3,https://m.media-amazon.com/images/I/61HTszC6IHL._AC_SY879_.jpg
amazon_B0848JGM78,COCODOR Flower Reed Diffuser Set White Jasmine,Amazon.ca,B0848JGM78,27.99,https://www.amazon.ca/dp/B0848JGM78,https://m.media-amazon.com/images/I/61h2tXuDjjL._AC_SX679_.jpg
amazon_B06ZYH411W,Command Display Floating Wall Shelves Set,Amazon.ca,B06ZYH411W,25.02,https://www.amazon.ca/dp/B06ZYH411W,https://m.media-amazon.com/images/I/71C6kInVA0L._AC_SY879_.jpg
amazon_B07Y5HTRVD,Dahey Gold Hanging Round Wall Mirror,Amazon.ca,B07Y5HTRVD,22.99,https://www.amazon.ca/dp/B07Y5HTRVD,https://m.media-amazon.com/images/I/61qpbCI8JhL._AC_SX679_.jpg
amazon_B0CXXD2TFZ,Der Rose 2-Piece Faux Hanging Plant Set,Amazon.ca,B0CXXD2TFZ,26.99,https://www.amazon.ca/dp/B0CXXD2TFZ,https://m.media-amazon.com/images/I/814dRWyGaIL._AC_SX679_.jpg
amazon_B0BZ8DZV6D,Der Rose 3-Piece Mini Faux Succulent Set,Amazon.ca,B0BZ8DZV6D,19.99,https://www.amazon.ca/dp/B0BZ8DZV6D,https://m.media-amazon.com/images/I/81UChF-GWVL._AC_SX679_.jpg
amazon_B0F93NDNTM,EDISHINE 13.4 Inch Wood Table Lamp,Amazon.ca,B0F93NDNTM,33.99,https://www.amazon.ca/dp/B0F93NDNTM,https://m.media-amazon.com/images/I/71qmmtA4kFL._AC_SX679_.jpg
amazon_B0BZTT3MKR,EDISHINE Tripod Table Lamp,Amazon.ca,B0BZTT3MKR,36.99,https://www.amazon.ca/dp/B0BZTT3MKR,https://m.media-amazon.com/images/I/81hd5Sql6fL._AC_SX679_.jpg
amazon_B0G8TGGTWG,Erosebridal Abstract Modern Black Beige Canvas Wall Art Set of 3,Amazon.ca,B0G8TGGTWG,40.79,https://www.amazon.ca/dp/B0G8TGGTWG,https://m.media-amazon.com/images/I/61m0uTyE0TL._AC_SX679_.jpg
amazon_B0FNN2B414,ESUNYD Candle Warmer Lamp with Timer,Amazon.ca,B0FNN2B414,26.99,https://www.amazon.ca/dp/B0FNN2B414,https://m.media-amazon.com/images/I/81bKlnL7QSL._AC_SX679_.jpg
amazon_B0D93DQZQD,Hbluefat 2-Tier Desktop Organizer Shelf,Amazon.ca,B0D93DQZQD,36.8,https://www.amazon.ca/dp/B0D93DQZQD,https://m.media-amazon.com/images/I/61ObneF52kL._AC_SX679_.jpg
amazon_B09S8W8HK8,Hbnlai 3-Bulb Propagation Station,Amazon.ca,B09S8W8HK8,19.99,https://www.amazon.ca/dp/B09S8W8HK8,https://m.media-amazon.com/images/I/71SX40wpnqL._AC_SX679_.jpg
amazon_B0D5HWK1XD,HERCHR Bedside Table Lamp,Amazon.ca,B0D5HWK1XD,22.39,https://www.amazon.ca/dp/B0D5HWK1XD,https://m.media-amazon.com/images/I/81XtYh4k8ML._AC_SX679_.jpg
amazon_B0CSXLCL45,Home & Honor Mountain Canvas Wall Art Set,Amazon.ca,B0CSXLCL45,29.84,https://www.amazon.ca/dp/B0CSXLCL45,https://m.media-amazon.com/images/I/61BoEqZS6SL._AC_SX679_.jpg
amazon_B0DFD4XCPB,HOMKOKO Small Storage Box with Handles,Amazon.ca,B0DFD4XCPB,21.49,https://www.amazon.ca/dp/B0DFD4XCPB,https://m.media-amazon.com/images/I/71R1HYMJv1L._AC_SX679_.jpg
amazon_B0DDC6WXLN,Jukercici Collapsible Storage Baskets 2-Pack,Amazon.ca,B0DDC6WXLN,36.99,https://www.amazon.ca/dp/B0DDC6WXLN,https://m.media-amazon.com/images/I/616vB++L0KL._AC_SX679_.jpg
amazon_B0C5M5HHQT,Lewondr Corduroy Throw Pillow Covers Set of 4,Amazon.ca,B0C5M5HHQT,24.99,https://www.amazon.ca/dp/B0C5M5HHQT,https://m.media-amazon.com/images/I/81O-cg2L6uL._AC_SX679_.jpg
amazon_B08CMJNDRY,LONGWIN Hanging Gold Circle Mirror,Amazon.ca,B08CMJNDRY,32.99,https://www.amazon.ca/dp/B08CMJNDRY,https://m.media-amazon.com/images/I/51kEt8mw4GL._AC_SX679_.jpg
amazon_B0C9MJ749Q,LUSHARBOR Battery Powered Table Lamp with Timer,Amazon.ca,B0C9MJ749Q,29.99,https://www.amazon.ca/dp/B0C9MJ749Q,https://m.media-amazon.com/images/I/81-JPsbZGdL._AC_SX679_.jpg
amazon_B07X9JQQZ1,MADIZZ Velvet Throw Pillow Covers Set of 2,Amazon.ca,B07X9JQQZ1,24.99,https://www.amazon.ca/dp/B07X9JQQZ1,https://m.media-amazon.com/images/I/81u4zQegrIS._AC_SX679_.jpg
amazon_B0FDG5C999,MEKOTRIN Cordless Glass Bedside Table Lamp,Amazon.ca,B0FDG5C999,35.99,https://www.amazon.ca/dp/B0FDG5C999,https://m.media-amazon.com/images/I/81xBdMs7yJL._AC_SX679_.jpg
amazon_B0F3J3R5J2,MODOJOART Framed Neutral Abstract Canvas Wall Art Set,Amazon.ca,B0F3J3R5J2,39.91,https://www.amazon.ca/dp/B0F3J3R5J2,https://m.media-amazon.com/images/I/71SVY7S9DgL._AC_SX679_.jpg
amazon_B09183JKQ5,Neutral Farmhouse Pillow Covers Set of 4,Amazon.ca,B09183JKQ5,16.99,https://www.amazon.ca/dp/B09183JKQ5,https://m.media-amazon.com/images/I/71QsVXg8LeL._AC_SX679_.jpg
amazon_B0BW14CKJ3,OrganiHaus Fabric Storage Bins 3-Pack,Amazon.ca,B0BW14CKJ3,34.99,https://www.amazon.ca/dp/B0BW14CKJ3,https://m.media-amazon.com/images/I/919mPWgGkXL._AC_SX679_.jpg
amazon_B0BWXXJZ32,PowerKing 2-Tier Desk Shelf Organizer,Amazon.ca,B0BWXXJZ32,29.99,https://www.amazon.ca/dp/B0BWXXJZ32,https://m.media-amazon.com/images/I/71Bqknw0PQL._AC_SX679_.jpg
amazon_B0CB7F7G6L,PowerKing White Wood Desk Shelf Organizer,Amazon.ca,B0CB7F7G6L,25.99,https://www.amazon.ca/dp/B0CB7F7G6L,https://m.media-amazon.com/images/I/7193--rlu7L._AC_SX679_.jpg
amazon_B0BXCSW7YV,Quzenu Black and White Boho Wall Art Set,Amazon.ca,B0BXCSW7YV,24.73,https://www.amazon.ca/dp/B0BXCSW7YV,https://m.media-amazon.com/images/I/71Ac2Y1ypoL._AC_SX679_.jpg
amazon_B0F5HNF9DN,SEENSINY Rechargeable Cordless Touch Bedside Lamp,Amazon.ca,B0F5HNF9DN,25.99,https://www.amazon.ca/dp/B0F5HNF9DN,https://m.media-amazon.com/images/I/71919A3IEAL._AC_SX679_.jpg
amazon_B0C27CF35D,StorageWorks Fabric Storage Bins 2-Pack,Amazon.ca,B0C27CF35D,27.35,https://www.amazon.ca/dp/B0C27CF35D,https://m.media-amazon.com/images/I/61HKdN5slmL._AC_SX679_.jpg
amazon_B09J1FKQL4,Tyawon Glass Flameless LED Candles Pack of 3,Amazon.ca,B09J1FKQL4,29.69,https://www.amazon.ca/dp/B09J1FKQL4,https://m.media-amazon.com/images/I/717cR+ilcQL._AC_SX679_.jpg
amazon_B0DNLXG9NB,YCHMIR Small Round Wall Mirror,Amazon.ca,B0DNLXG9NB,21.99,https://www.amazon.ca/dp/B0DNLXG9NB,https://m.media-amazon.com/images/I/619vK9xd3NL._AC_SX679_.jpg
